meuf,meuf',meufs,meufs',meufes
keuf,keuf',keuffs,keufs,keufs',coeff'
tess,tess',té-c,té-c',té-c's,té'ç,tèss,tèc',tèce,tèces,téc,téc',téce,tè-c,tè-ce,tec',te-c,te-c',téss,téss',tés-c',tesse,tesse',tece,'té-c,'té-c',téç
pera,pe-ra,pe-ra',peur-ra,peur-ras,peura,peras,peu-ra,pper-ra,pper-ra',ppe-ra,ppé-ra,péra,pé-ra,pé-rap,pé-rra,per-ra,per-ra','per-ra','peu-ra''pe-ra','per-ra','peu-ra','pé-ra'
zik,zik',ziks,ziq,zique,zique',ziques,sique,sique',zic,zic',zick',zig','zic,'zik,'zique,'ziques,'sique,'siques
mif,mif',miff,miff',miffs,mifs,mille-f,mi-f,mi-f','mif'
renoi,renoi',renoie,renoirs,renois,re-noi,re-nois,res-noi,res-noir
reuf,reuf',reuf's,reufs,reufs',reu-f'
reuf-rés,reu-frè,reu-fré,reu-frés,reufrè,reufrès,reufré,reufrés,re-fre,re-frè,re-frès,re-fré,re-frés,re-frê,refrè,refre,refres,refrès,refré,refrés,res-frè,res-frès,res-fré,reufrée
instru,instru',instrus,instrus'
fonce-dé,fonce-dé',fonce-dée,fonce-dées,fonce-dés,foncedé,foncedés,foncer-dé,fonces-dé,foncé-dé,foncédés,foncées-dé,fonce-deh,fonce-der,fons-de,fons-dé,fonsdé,fonsdé',fonsdée,fonsdés,fonsder,fonse-dé,fonss-dé
tieks,tieks',tiek,tiek',tiek's,tiecs,tiecks,tiec's,tieq's,tieqs,tier-c,tier-q',tierq,tiék,tiék's,tiéks,tièq,tiècs,tièk,tièks
ves'-qui,ves'qui,ves-esqui,ves-ki,ves-qi,ves-qui,ves-qui',ves-squi,vesqui,vesqui',vesquis,veski,veski',vés-qui,ve-squi,v'-esqui,v'-esqui',v'-squi,v'-ésqui,vès-qui,vè-squi,vé-squi,ve-esqui,ve-esqui'
déter,déter',déters,détèr,détèr',détère,détères,détér,détér',détėr'
reu-beu,re-beu,re-beus,rebeu,rebeu',rebeus,rebeux,rebeuz,reubeu,reubeus,reubeux
tit-pe,tit-pe',tit-peu,tits-pe,tits-pe',tits-peu,tis-pe,tis-peu,ti-pe,ti-peu,ti-peus,tite-pe,titepe,tites-pe,'tits-pe','tit-pe',tipeu,tipeu',tipeus,tipeux
inspi,inspi'
concu,concu'
tier-car,tier-kar,tier'qua,tiequar,tier-qua,tier-quar,tier-quar',tier-quars,tier-quart,tiers-qua,tiers-quar,tiers-quart,tierquar,tiekar,tiekcar,tiecar,tie-quar,'tier-quar',tiéquar,tiécard,tiécars,tiécart,tiékars,tié-kar,tié-quar,tié-quart,tiékar,tièkar,tiè-quar,tiécar
ient-cli,ient-cli',ient-clis,ients-cli,ients-clis,ients-ients,ientscli,ientes-cli,iencli,ienclie,ienclis,ienclits,ien-cli,ien-clis,ien-clit,ien-clits,iens-cli,'ient-cli'
rrain-te,rrain-té,rrains-te,rrains-té,rrainté,rain-te,rain-ter,rain-ter',rain-té,rain-tés,rains-té,rainter,rainté,raintés,rain-t,rinté,rintés
schnek,schneks,schnèk,schneiks,schneik,schneckes,chneck,chnek,chneks,chnèque,shneck,shnecks,shnek,shneks,shneck,shnecks,shnek,shneks
oi-m,oi-m',oi-ms,ois-m,oims,oims',oim,oim','oim,'oi-m'
binks
tasse-pé,tasse-pé',tasse-pe,tasse-pés,tassepé,tassepés,tasses-pé,tasses-pé',tasspé,tasspés,tass-pé,tass-pé',tass-pées,tass-pés,taspé,taspés,tas-pé
té-ma,téma,téma',tter-ma,tte-ma,te-ma,te-mat,té-ma',té'ma,tté-ma,tema,'té-ma',tez-ma,ter-ma
ches-lou,ches-lou',chelou,chelou',cheloue,cheloues,chelous,che-lou,che-lou','che-lou'
gamos,gamoss,gamosse,gamosses
scred,scred',scre-d,scre-d',scret-d',scrèd',scréd,'scred,'scred','scrète,scret,screds
teill,teill',teil',teilles','teille,'teilles,'teil
bolos',boloss,boloss',bolosses,bolosse
de-spee,de-spee',de-spi,deuspi,deuspi',deuss-pi,deusspi,deus-pi,deu-spi,deu-spee,despee,despi
per-cho,per-cho',pper-cho,pper-cho',pécho,pe-cho,pécho',péchos,pecho,pé-cho,pé-cho'
bendo,bendos
cons'
àl,àl',à-l,à-l','à-l','àl',al,al'
brolique,broliques,broliks,brolic,brolic',brolick,brolics,brolik,brolicks,brelic,brelic',brelick,brelics,brelik,brelique,breliques,bre-lic
vi-ser,vi-ser',vi-sere,vi-sser,vi-sèr,vi-sèr',vi-sère,vi-sér,vi-sére,vi'-ser,vi-cer,vi-cèr,vis-ser,visère,visser',vies-ser,vissère,visére,vi-scer
prod',prod's,prods'
'tasse,'tasses
té-ci,té-ci',téci,técis,teci,te-ci,té-cies,tés-ci,tess-y,'té-ci',téçi,te-si
stud',studs'
rageux
sses-f',sseuf,sseuf',sseufs,sseufs',seuf,seuf',seuf's,seuff,seuffs,seufs,seufs','sseuf,'sseufs
zeub,zeub',zeb,zeb',zebs,zeubs
couz,couz',couzs
teu-té,teu-tés,teu-tê,teté,tetés,tetê,te-té,te-tés,te-tê,te-tês,teus-tê,teuté,teutés,tè-te
ter-ter,ter-ter',ter-ters,ter-terre,terter,tèr-tèr,terters,terre-terre
blèmes,blèmes',blèm,blèm',blemes,blems,blem,'blèm,'blème,'blèmes,'blem,'bleme,'blemes,'blems,'blême,'blêmes,blem',blèms,blème
dif',diff'
tèj,tèj',tèje,tèjent,té-j',té-je,tej,tej','tej,te-j,te-j',te-je,te-jè,te-jé,teuj,ter-j,ter-j',ter-je,tè-j,tè-je,'tèj',téj,téj','tèj',téj,téj',tte-je
tel-ho,tel-ho',tel-hô,tel-hô',tel-ô,telho,tels-ho,tels-hô,tél-hô,télho,télo
faya
tar-pé,tar-pés,tard-pé,tard-pé',tards-pé,tarpé,tarpés,'tard-pé'
peuf,peuf',peuff,ppe-f,ppe-f',peuf',peufs
bé-tom,bé-tom',bé-ton,bé-tonm,bétom,be-tom,be-ton,ber-tom,ber-tom',ber-ton,bes-tom,bés-tom,'bés-tom','ber-tom',bée-tom
babtou,babtoues,babtous,bab-tou
cro-mi,cro-mi',cromi,cromis,'cro-mi'
skeud,skeud',skeuds,ckeud,sceuds,skeu
té-cô,té-cô',té-côt,téco,té-co,tè-co',te-cô,te-co
biz'
teu-chi,teu-schi,teu-shi,te-chi,teuchi,te-shi,te-shi',teushi,t-shi,teshi,ti-shi
ul-c,ul-c',ulc,uls-c,uls-c',ul'c,uc,uc',uc's,uc-l,ucs,'uc,'uc',u-c,u-c',u'-c,u'c
indé,indé',indés
soc',soc's,soces,'ssoc,'ssoce,'soc','soce,'soces,'ssos,soss',ssoc',ssos,ssos'
peuffra,peufra,ppe-fra,pper-fra,ppé-fra,pe-ffra,peu-fra,pe-fra,peffra,pefra,pé-fra,'ppe-fra'
bre-som,bre-soms,bre-son,bre-ssom,bres-som,bresom,bressom,bressoms,breussom
cain-ri,cain-ri',cain-ris,cainris,cainri,cains-'ri,cains-ri,cain'-'ri,cain-'ri,cainry,cainrys
gent-ar,gent-ar',gents-ar,gen-ar,gen-art
veau-cer,veau-cer',veaucer,veaucers,veaux-cer,veaux-cer'
seille-o,seille-o',seill-o,seil-o,seilleo,seillo,seileos,'seille-o,'seillo,zeil-o,zei-llo,zeill-o,zeille-o,zeillo,zeilo
sèr-mi,sèremi,sère-mi,sères-mi,seremi,sere-mi,'sère-mi,'sère-mi',zèr-mi,zère-mi,zer-mi,zermi
garde-av,garde-av',garde-d'av',garde-à,garde-à-v,garde-à-v',gardes-à-v',gard'à'v,gard'à-v',gard-a-v',gard-av,gardav',gardav's,gardave,gardav,gard'av
pe-pom,pe-poms,peu-pom,pes-pom,pepom,pepoms,pépom,pé-pom,pé-pon,'pé-pom',per-pom,pe-pon,peupom
du-per,du-per','du-per',dus-per,dus-per',du-perd,due-per,duper'
tasse',tass'
compét,compét',compéts,compéts',compèt,compèt',compèts,compet,compet',compets
teuch,teuch',teuchs,tech',teu-ch,teu-ch',teu-sh,teu-sh',te-ch,te-sh,te-sh',teush,teush',teu-ish,t-sh'
périph'
opé,opé',opée,opés
teutrai,teutraî,teutraîs,teutre,teutrés,te-trai,te-trais,te-traî,tetrai,tetrais,tre-trai,tre-traî,tetré,teu-traî,teu-tré,teu-trés,tes-traî,tes-trai
go-va,gova,govas,gos-va
oin-j,oin'-j,oin-je,oinj,oinj',oinj-t,oinje,oinjes,oinjs,oinjt,oint-j,oint-j',oints-j
gue-dro,gue-dro',gue-dros,gue'dro,gues-dro,guer-dro,guedro
roro,roro',roros,ro-ro,ro-ros
beur,beur',beurs,beu-r,beure
cheum,cheum',cheums,cheums','cheum'
comico,comico',comicos
tout-par,tout-par',tout-part,toutpar,tou-par,toupar
relou,relou',relous,res-lou,re-lou
kil',kil's
illets-bi,illets-bi',illet-bi,illetbi,ietts-b',illet-bs,illets-b,llet-bi,lletbi,llets-b',llets-bi,lletts-bi,lliet-bi,lliets-bi
de-mer
teuf,teuf',teuff,teufs,te-fé,te-fê
bât'
occas',occaz,occaz'
ied-p,ied-p',ieds-p,ieds-p','ied-p','ieds-p',iep,iep',iep-ds,iepd,iepds,ieps,ieps',ie-p,ieu-p,ieup,'iep,'ieps,ièp,ièps,iép,iép',ieupé
michto,michto',michtos,micheto'
mille-fa,mille'fa,millefa,mi-fa,mifa,mifa',miffa
diez,dieze,diezes
féfé,féfé',féfés,fefe,fefe',fé'-fé',fé-fé,'féfé',fée-fée
tié-p,tié-p',tiep,tiép,tiép',tièp,tièp',tiep,tiep',tieps,'tiep',tier-p','tié-p,'tié-p',tie-p,tie-p'
cess,cess'
fréro
insta,insta'
aç,aç','a-ç',àç','à-ç',a-ç,a-ç'
caille-ra,caille-ras,cailles-ra,'cailles-ra'
auch,auch',auch's,'auch,'aud-ch','auds-ch',aud-ch,aud-ch',aude-ch
véner,véner',vénerer,ve-ner,vénerre,véners,vénér,vénér',vénére,vés-ner',vener',veners,vénèr,vénèr',vénèrs,vènére,vé-'ner,vé-ner,vé-ner',vé-nere,vé-nère,vé-nér
blèmes-pro,blèmes-pro',blèmpros,blèmepros,blèmepro,blème-pro,blème-pro',blémepro,blémes-pro,blême-pro,blèm-pros,blèm-pro,'blèmes-pro',blem-pro,blem-pros,bleme-pro,blemes-pro,blempros,blems-pro,bèmes-pro
rotte-ca,rotte-ca',rotte-cas,rotteca,rottent-ca,rottes-ca,rottes-cas,rot-ca,rot-ka,rotca,rote-ca,rrote-ca,'rottes-ca'
son-pri,son-pri',zonpri,zon-pri,sonpri,sons-pri
ce-vi,ce-vi',ce-vis,ces-vi,ces-vis,'ces-vi',ceu-vi
ingé,ingé',ingés
kickes,kickez,kickerai,kickent,kickais,kickait,kickant,kické,kickée,kickés
braquo,braquo',braquos,braquot,bracko,braco',bracos,brako
tain-p,tain-p',tain-p's,tain-ps,tainp,tainp',tainpe,tainpes,tainps,tains',tains-p,tains-p',tainsp',taimp,taimp',taimpe
keuss,keuss',keus,keus',que-s
ness-bi,ness-bi',ness-bui,ness-bui',nessbi,nesbi,nes-bi,ness-bis,ness-biz,ness-buis,ness-buis',ness-b
me-ar,me-arm,me-ars,mes-ar,mes-ar'
perquis,perquis',perquises,perquiz,perquiz',perquize
bat'
hebs
tho-my,tho-mi,thomy,thos-mi,thos-my,thos-my'
boug
capuché
rents-pa,rent-pa,rents-pas,rentspas,rent-pas,renpa,ren-pa,ren-pas
ler-par,lerpar,'ler-par','lé-par',lépar,lez-par,le-par,lé-par,lé-parle
gole-ri,gol-ri,gole-ri',golent-ri,goler-ri,goles-ri,goleri,golerie,'gole-ri',gol'ri,golri
ceau-mor,ceau-mor',ceau-more,ceau-mors,ceaumor,ceaux-mor,'ceaux-mor',ço-mor
cer-su,cer-su',cé-su,césu,ce-su,cersu,ces-su
feu-me,feu-mes,feu-meu,feu-meus,feu-mme,feu-mmes,fe-me,fe-meu,fe-meus,fe-mmeu,femeu,femeus,feumeu
pé-ta,pé-ta',ppé-ta,per-ta,pe-ta
fouf,fouf',foufe,fouffe,foufs,foufes
gov',gov's,govs
plavon,plavons
réput,réput',réput's,réputs
ap,ap',ap-s
lambo,lambo',lambos,lamb',lambi
proc',proc's
teubè,teubé,teubée,teubés,teubê,te-bè,te-bé,te-bés,te-bê,te-bês,teu-bé,teu-bés,teu-bê,teu-be,teus-bé,tebé,tebê,tes-bés,tes-bê,tes-bê'
yous-vo,yous-vo',yous-voi,yous-voy,youvoi,youvoie,youvois,youx-voi,you-vo,you-voi,you-vois,you-voy
chibre,chibres
transac,transac',transacs,transacs',transact'
che-ca,chés-ca,chées-ca,chée-ca,chéca,checa,cher-ca,cher-cher,she-ca,she-ca','she-ca',sheca,ché-ca
vile-ci,vils-ci,vilssie,ville-zi,viles-ci,vilci,vilcis,vil-ci,vil-cies,vil-cis
tél',tel',tèl,tèl'
ner-tou,ner-tour,ne-tour,netour,né-tour,née-tour,nées-tour,nés-tour,nétour
bip
gé-char,gées-char,gée-char,gée-char'
kichta,kichtas
ous-s,ous-s','ous,'ous-s',ous',ouss,ouss'
keum,keum',keums,que-mè,que-mé'
trom,trom',tro-m,tro-m'
ter-mon,ter-mon',té-mon,'té-mon',te-mon,témon,tez-mon
enjaille,enjaillent,enjailler,enjailles,enjailley,enjaillé,enjaillait
seille',seille-',seil','seil,'seille,zeil',zeille,zeille',zeill'
reum,reum',reums,re-m'
rodave
broliquer,broliké,broliqué,broliquée,broliqués,broliker,brolike,brolické,breliké,breliqué,breliquées
lope-sa,lope-sas,lopes-sa,lops-sa,loppes-sa,lopesa,lopsa,lopsas,lopsale,'lopes-sa'
pote-ca,pote-k,potte-ca,pottes-ca,poteca,potecas,potes-ca,'potes-ca'
teub,teub',teube,teubs,teubs',te-ub
cas-soc',cas-soce,cas-soces,cas-sos,cas-sos',cas-soss,cas-soc,cassoc',cassos,cassos',cassoces,k-sos,k-soss,cas'soc
pét,pét'
ser-po,ser-po',sé-po,sé-po','sé-po'
tiss-mé,tisse-mé,tisses-mé,tissmé,tissmés,tismé,tismé's,tismée,tismés,'tisse-mé','tisses-mé'
cool-al,cool-al',cools-al,coolal,col-al
noi-chs,noi-ch,noich,noich',noich,noich',noichs,nois-ch'
rer-ti,ré-ti,réti,'ré-ti',re-ti,reti,rent-ti
sonne-per,sonne-pèr',sonneper
ie-v,ie-v',ies-v,i-v,i-ve,i-ves,iv',iv's,iv-e
khalass
mouv,mouv'
ue-r,ue-r',ues-r,u-r,u-re,'ue-r',ur',ur-e,ure'
zouk
mé-crâ,mé-cra,mé-cras,mécra,mée-cra,mées-cra
champ',champ's
ris-pa,ris-pa'
killu,killu',killus,killus',kilou,kilu,kilu'
phone-tel,phone-tel',phone-tél,phone-tél',phones-tel,phones-tél',phonetel,phonetel','phone-tel'
postichent,postiché,postichée,postichés
zin-cou,zincou,zincous,zinkou,zins-cou,zine-cou,sin-cou,sin-cous,ssin-cou,'sin-cou'
barjo,barjos,barjot,barjots
com'
gratos
o.g
bacqueux,bacqeux,backeus,backeux,baceu,baceux,bacs-euh,baqueux,baqueu,baqeu,baqeux
fut'
ger-chan,ger-char,ger-char',gé-chan,gée-chan,'gé-chan'
scar-las,scarla,scarlas,scar'la,scarlats,skarla,skarlas,'scard-la','scards-la'
gro-né,gro-ne,groné,gronés,gros-né
ou-f,oufs,ouf'
veux-ch,veux-ch',veux-che,veux-cheu',veuch,veuch',veuchs,veuches
kickeur,kickeurs,kickeuse
'sky,sky'
rate-pi,ratepi,ratepis,rates-pi,ratpi,ratpis,rat-pi,rat'pis,rat-pis
twerke,twerkent,twerker,twerkes,twerkais,twerkant,twerké
cé-per,cé-per',cé-pèr,céper,céper',cépèr,cerper,'cer-per',ce-per
hlel
néochrome
ter-sau,ter-saut,té-sau,tésau,te-sau,tersau
tiekson,tieksons,tiek'son,tiek-son,tieckson,tiequson
mis-per,mi-per
mythonne,mythonnent,mythonner,mythonnes,mythonnez,mythonné,mytonne,mythone,mythoner,mythones,mythonais
pet'
qg
tox',tox's,toxes
té-cla,té-cla',técla,técla',te-cla
bon-char,'bon-char',bonchar
poch'tard,poch-tar,pochetar,pochetard,pochetards,pochetars,pocht'ar,pochtar,pochtar',pochtard,pochtards
re-sta,re-star,reu-sta,'re-sta','rre-sta',reusta,reustas,reus-ta,rreu-sta
tof,tof',tofs,toph'
cliquos,cliquose,cliquot,clikos,clikoss,clicos,clicquot
ble-ta,'ble-ta','bles-ta',bleau-ta,bles-ta,bleta
kis-dé,kisder,kisdes,kisdé,kisdés,kiss-dé,kissdé,kissdés,quis-dé,quisdé,quisdés
cher-cra,che-cra,ché-cra,'ché-cra',chécra
eins,eins',eins-s,eins-s',einss,einsse,'eins,'eins-s',ein-s
illes-cou,illes-cou',illeu-cou,illeus-cou,ille-cou,'ille-cou',yeukou,yeukous,yeucou,yeucous,yeu-cou,yeu-kou,ieu-cou,ieucou,ieucous
pers'
son-mai,sonmai,sons-mai,zonmai,zonmé
ter-gra,ter-grat,tter-gra,'tter-gra',té-gra,tté-gra,te-gra,tte-gra,tégra
cistes-ra,cistes-ra','cistes-ra',cist-ra,ciste-ra,ciste-ras,cisteras
matrixer,matrixé,matrixée,matrixés
rée-soi,rée-ssoi,rées-soi,réesoi,réessoi
oi-t,oi-t','oi-t',oit'
survet'
te-boî,te-boi,teboi,teboî,teu-boî,'te-boî',ter-boî,tes-boî
lo-ki,los-ki,los-kil,loski,lokies,lokis,lo-kis,'lo-ki'
rre-ve,rre-ves,rre-vè
ton-car,ton-cars,toncar,toncard,tonkar,tonne-car,tons-car
tro-me,tro-mé,trome,tromé
bicraveur,bicraveurs
charbonneur,charbonneurs,charboneur,charbonheur
gue-din,gue-din',gues-din,geu-din,guedin,guedins
quer-n',quen,quen',ken','ken,'ken','quer-n',que-n,que-n',quén',què-n,què-n',quèn,quèn',quène,quène',qué-n',kèn,kène,kén,kéne
re-pu
che-po,che-pos,ches-po,chepo,chepos
tisé
be-bar,'be-bar',be-bare,bes-bar,besbar,beubar,bé-bar
be-her,be-her',be-heu
reu-me,reu-mè,reu-mé,reumè,reumé,re-mè,re-mès,re-mé,re-mes
zin-c',zinc',zinc's,zincs',zink',sin-c,sin-c','zinc
chant-mé,'chant-mé',chantmé,chants-mé,chanmé,chan-mé,chan-més
perpèt,perpèt',perpét,perpét',perpet',perpette
cous'
gue-sh',gues-sch',guesh,gueshs,geu-sh,geuch,geuch',geushe,ge-sh,ge-sh',geushs,geusch,geush,geush',geuches,geuchs
oid-gt,oid-gts,oig-d,oidgt,oidgts,oidts,oid',oid's,oids,oigt,oigt-d,oigts-d,oigt-de,oits-d,'oigt-d',oi-d
tard-bâ,tar-ba,tar-bâ,tard-ba,tard-bar,tards-ba,tards-bâ,tarba,tarbas,tardb-bâ
beuhèr,beuhère,beuh-her,beuh-er,beuher,beuhair,beuh-r,beu-her,beu-ère,beu'her
quettes-pla,quettes-pla',quette'pla,quette-pla,quet-pla,'quette-pla'
tos-ma,toss-ma,tosma,tosse-ma,tossma
as-p
kool
tchop
trav'
tte-cha,tte-cha',ttes-cha,ttes-chas,te-cha,te-chat,teucha,teuchas,teu-cha,teu-sha
cace-ded,'cace-déd','caces-ded',cace-déd,cace-déd',cace-dèd,cace'ded,casse-dèd,casse-dèd',casse-déd,casse-déd',casse-ded,casse-ded',casse-dettes,casseded,casseded',cassedèd,cassedéd,casses-déd',cass-ded,cass'ded,cass-déd,cass-déd',caceded
card-pla
iench,iench',ienchs,iens-ch,ien-ch,ien-ch','ien-ch','iens-ch'
zipette,zipettes
ce-for,cefor,'ce-for',cer-for
pochton,pochtons,pocheton
tate-pa,tate-pa',tatepa,tates-pa,tatpa
teuteu,teuteu',teuteuh,teu-teu,teuh-teuh
'zons,'zonz',zonz,zonz',zonzs,zonze,zon'
garette-ci,garette-cis,garetteci,garettes-ci,garrete-ci,garrette-ci
goumer,goumé,goumée,goumés,goumant,goument,goumes,goume
quer-cro,'quer-cro',que-cro,quecro,qué-cro,quécro
sse-lia,sses-lia
ce-tru,ce-truc,keu-tru,keu-trus,ke-tru,ques-tru,ques-tru',que-tru,que-trus,queu-trus,c-tru,ck-tru,cs-tru
lice-po,'lice-po',licepo
reuss,reuss',reus',reu-s,reusse,reusse',reusses
ce-fran,cefran,cé-fran,céfran,ceu-fran
dél',dél,del',dèl'
loc',loc's,locs
lère-ga,lèrega,lères-ga
p.q,pq
reup,reup',reups,reu-p,reu-p'
çais-fran,çais-fran',çais-su,cais-fran,'çais-fran',çai-fran,cè-fran
beuj,beuj',beuje,beujs,beujs',beu-j,be-j,be-j',bej','bej,bes-j'
parlu,parlu',parlus
pétou,pétou',pétous,petou
squa,squa',squar
cace-dedi,cace-dédi,caces-dédi,casse-dédi,casse-dedi,cassedédi,cassedédié,cass-dédi
keu-me,keumè,keumé,keumés,keu-mé,keu-més
marave
rre-gue,rre-guè,rre-gué,'rre-gue',rregué
shmidt,shmidts,shmit,shmites,shmits,shmitt,schmit',shmets,shmett,shmet
timp,timp',timp's,timps,timps',tinp,tinp',tinpes,tinps
ti-par,ti-par','ti-par'
feat'
ien-b,ien-b',ienb,ienb',ienbs,i-enb
mélo',mélos,mélos'
pec',pec's,pecs',pek
ze-dou,zedou,zedous
cer-per,ceper,cer-pèr,cer-pé
ché-lâ,cher-là,cher-lâ,cher-lâ',ches-lâ,che-lâ,che-mo
dalleux,daleu,daleux,dalleu
fooleck,foolek,fooleks
indic',indics,indics'
pine-co,pine-cos,'pine-co','pines-co',pinco,pines-co
tron-pa,tronpa,tronpas,trons-pa
ve-ca,ve-cas,ves-ca,veca
accros
blacko,blacko's,blackos,blackoss,blaco,blacos
chard'clo,chard--clo,chard-clo,chard-clo',chard-clos,chards-clo,chards-clo',charclo,charclos,charclots
deal',dealaient,dealais,dealait,dealant,dealerai,dealeront,deales,dealez,dealons,dealée,dealés
raclis
re-soeu,re-sœ,re-sœu,re-seu,re-soe,re-soeus,reus-seu,reusseu,reusseuh,reuseu,res-soeu,reu-sœu,reu-seu,reu-sse
ssiste-gro,ssistes-gro,ssistes-gros,ssite-gro
cellophaner,cellophanise,cellophané,cellophanée,cellophanées,cellophanés
cendar,cendar',cendard,cendards,cendars
jet-pro,jets-pro,jets-pro',jetpro
num',nums
reur-ti,reur-tis,reurs-ti,reurti,reurtis
rrette-ba,rrettes-ba,rette-ba,rettes-ba,retteba,rette-bar
ture-voi,ture-voir,tures-voi,turevoi,tur-voi,turvoi,turvois
german,ger-man,ge-man,gé-man
mamène
turfu,tur-fu,tur-fu'
dél-bor,del-bor
ne-zo,nezo
chille,chillent,chillera,chilles,chillé,chillax,chill'
que-bra,quer-bra,qué-bra,québra,quebra
teillbou,teille-bou,teille-bou',teille-bous,teille'bou,teil-bou,teile-bou,teilles-bou,teilles-bou'
bum-al,bum-al',bum-als,bumal,bums-al
cances-va,'cances-van',cances-van,cance-va
da',da's
friquer,friqué,friqué',friquée
gué-lar,gué-lar',guélar,gués-lar,gué-lards,gue-lar
me-sper,me-sper',me'spèr,mesper
me-ca,me-came,mé-ca,mé-cas,mée-ca,mes-ca
quer-ni,quer-ni',keni,'quer-ni',ke-ni,qué-ni,ké-ni,kéni
quett',quette,quette',quet','quette,'quettes
test',teste'
dique-sa,dique-sa',diques-sa,'dique-sa'
peu-cli,peucli,peuclis,pe-cli,pe-clis,peus-cli,pecli
pit',pits',pitt'
ti-sor,'ti-sor',tit-sor,tissor,ti-ssors,'tir-sor'
beuh',beuhs,beu,beu'
que-cra,qué-cra,quer-cra,quecra
zoulette,zoulettes
canap'
ché-mar,chémar,che-mar,cher-mar,ches-mar
condi,condi',condis'
lances-ba,lance-ba,'lances-ba'
lers-dea,ler-dea,lerdea
te-pu,te-pus,tepu,tepus,teu-pu,teupu
tié-pi,tié'pi,tièpe,tiépis
zik'mu,zik-mu,zikmu,zique-mu,sique-mu,zic-mu,zicmu,sic-mu
ffaire-sa,ffaire-za,ffaires-a,ffaires-as
michtonneuse,michtonneuses,michtoneuse,michtoneuses,michetonneuse,michetonneuses
ter-chan,ter-chant,té-chan,te-chan
iech,iech',ieche,ie-ch,ie'-ch,ier-ch,ier-ch','ier-ch',iéch,iè-ch,ièch,ièche
kalashé,kalashée,kalashés
loux-ja,lou-ja
yous-v,yous-v',youv,youv',youves',youves,youvs,you-v'
billay,billaye,billeye
ci-mer,'ci-mer',cimer
lyricalement
nnais-co,nnaissent-co,nnait-co,nnait-do,nnaît-co,nais-co,naiss-co,naissent-co
touche-car,touchecars,touches-car,touchescar,touchkar
zin,zin',zin's,zins',zinz,zinz','zin,'zins
'caille,'cailles,caille',caill,caill'
chaudasse,chaudasses,chaudace
falas,fala'
feu-ke,feu-keu,feu-keus,feukeu,feukeus,fe-keu,fe-keus
mé-fu,méfu,mer-fu,mer-fu'
quer-blo,queblo,que-blo,qué-blo,qués-blo,québlo
cain-fri,cain-fri',cain-fry,cainfri,cainfri',cainfris,cains-fri,cainfry
ce-pla,cepla
derch,derch',derches,derj'
le-sa,le-ssa,lesa
vapes
deks,deks',dek,dek',dek's
ffe-bi,fe-bi,fe-bi',ff-bi
fouleck,foulek,fouleks,foulecks,foulec
inarrêtable,inarretables,inarrêtables,innarretable,innarêtable
buis',buiz,buiz',buiss'
che-ri,che-ri',che-ris
chichon,chichons
garre-ba,garres-ba,garba,gar-ba,gare-ba,gares-ba
k-way
mi-dor
rect-di,rectdi,rects-di,recdit
ste-po,stepo
çon-cal,çon-cale,çons-cal,çons-cale,con-cale,sson-cal
ché-tou,chés-tou,che-tou,cher-tou
deuss,deuss',deus'
gare-ci,gareci,gares-ci,gar-ci,gar-cis
ille-f,ille-fi,ille-euf,yeuf,ill-euf,ill-eufs,illes-f',yeufs,yeu-f',ieuf'
pe-stu,pe-stus,pestu
squeu-di,squeu-dis,sques-di,sque-di,sque-di',sque-dis,squedi
ue-t,uer't,uer-t,uer-t',uet',uet,u-t
bre-cham,bre-chan,brer-cham,bres-cham
noi'chi,noi-chi,noi-chis,noichi,noichis,nois-chi,noise-chi
ppé-sa,ppe-sa,pe-sa
cello'
digi,digis
le-gue,le-gueu,le-geu,'le-gueu',legueu
mi-homme,mi-hommes
scret-di,scret-dis,screts-di,scré-di,scrédi,scredi,'scret-di'
seul-tout,seuls-tous,seuls-tout,seule-tout,seule-toute
bicravaient,bicravais,bicravait,bicravant,bicravent,bicraver,bicravera,bicraverais,bicraverait,bicraveront,bicraves,bicravez
cab'
cher-per,chéper,chépèr,chépère,che-per,ché-per,ché-per',chés-per
feuj,feuj',feujs,feu-jui
ge-gor,gegor,gé-gor
ien-ien,ien-iens,ien-ients,iens-iens,ient-ient,ient-ients,'ients-'ients,'ients-ients,'ient-'ient,'iens-'iens
me-da,me-da',me-das,mes-da,me-'da,me'-da'
ri-pou,ripou,ripous,ripoux
squatteur,squatteurs
anti-pop,anti-pops
ches-bou,che-bou,chebou
gestu,gestu'
semi-auto,semi-auto',semi-autos
de-wee,de-we,dewee
falche,falches
ièr-pri,ière-pri,ières-pri,ier-pri
pétage,pétages
cher-cher',ché-cher,ché-cher',ché-chèr,chés-cher,chécher',che-cher
cke-bla,kebla,keblack,ck-bla,ke-bla,keu-bla,ckes-bla
gue-shla,gue-shlas,gue-schla,gues-shla,gueshlas,geu-shla,geu-chla,geushla
opps
pav',pav's,pavs
tard-mi,tar-mi
zeubi,zebi
camtar,camtar',camtard,camtars,cametards
cheu-b,cheub-b,cheu,cheu',cheub
de-mon
ge-ra,ges-ra
tin-ma,tinmar,tins-ma
camo,camo'
roc-ma
sse-pa,sser-pa,sser-par,sses-pa,sses-pas,ssé-pa
chienneté,chiennetée
fé-ca,féca
m.d.r,mdr
quecho,quécho,quée-cho,qué-cho
car-jack,car-jack',car-jacker,car-jacking,car-jacks
deps,deps'
guer-lar
illes-c,illes-c',illes-c's,yeuc,yeuc',yeucs,yeucs',ille-c,'illes-c',yeuks',ieucs'
pav'tar,pav'tars,pav-tars,pavtar,pavtar',pavtard,pavtards,pavtars
ry-fleu
terre-pa,terre-pa',terre-par
be-bom,be-boms,bebom,beboms,'bes-bom',bé-bom
grosso,grossos
gé-bou,gé'bou,gébou,ger-bou
lacrymo,lacrymo',lacrimo,lacrimo'
ne-jau,nejau
oklm
puche-ca,puche-ca',puch-ca
ac
bédo,bédo',be-do,bédot,bédos,bédots,bedo,bedo',bé-do,bedos,bedots
ble-dia,ble-dias
bre-ch,bre-ch',breuch,breuch'
crave-bi,craves-bi,crav-bi
di-ban,dit-ban
keussa,keu-sa,que-sa,ce-sa,ceu-sa
losse-bo,lossbo,losses-bo,loss-bo
main-de
me-se,me-seu
quille-tran,kiltran,quiltran
seille-mar
sses-fe,sses-fè,sses-fé,ssefé,sseufés,seufé,seuh-fe,'sses-fe'
touze-par,touzepar
'a-p,'ap,'ap','as-p','aps'
sère,'sère,'zer
blaz
couiller,couillent
cred,cred'
déf'
rrari',rari,rari','rrari
gent-gent,gen-gen,gen-gent
ke-schne,ke-shne,ke-shne',ke-shnè,ke-shné,keuchnés,keu-schne,keush-né
te-por,te-por'
te-teille,te-teilles,téteille,téteilles,té-teille,teteilles,'tei-teille,'te-'teille,'teille-'teille,'teilles-teilles,teille-teille,tei-teille,tei-teilles,teiteille
vérif,vérif',vérifs
boosté
briganté
cette-su,cette-çu,cettes-su
despé
fafa,fafa'
mowgli
navigo
nne-bo,nne-bo',nnes-bo,ne-bo
sadek
stard-co
té-fri,té-fri'
