fuck, fucked, fucking, fuckin', fuckin, fuckent, fuckeus, fuck', fucke, fucké, fuckerais, fuckées, fuckons, fu-cke, fu-ckeus, fuckerz, fuckeur, fuckeuses, fuckais, fuckings, fuckeuh
flow, flows
poto, potos, poto'
meuf, meufs, meuf', meufes, meufs'
mc, emcee, emcees, emcee's, emc's, m.c's, m.c.s, m.c
biff, biff', biffe, biffs, biffes
mic, mic', mics
street, streets, streetzer, street'zer, street-zer, streetz, te-stree, te-stre, teu-stree
keufs, keuf, keuffs, keuf', keufs', coeff', keu-fli, keufli
tess, tess', tec', tèce, té-c', tèss, téc', tèc', tesse, tèces, téce, te-c', téss', tés-c', 'té-c', té-c, tece, té-c's, té'ç, téc, tè-c, tè-ce, te-c, téss, tesse', 'té-c, téç
beat, beats, beatz, beatzz, beaté
big, bigs, big's, big'
bad
life, lifes, life's
bitches, biatch, bitchs, bitchies, biatchs, bitchiz, biatches, bitch', bitche, bitcheeeeez, bitchees, bitchess, bitchez, bitcher, bitch, bitchh
check, tcheck, tchek, checke, checker, checkent, checké, checkez, checkes, tchecker, chek, tcheker, tchek', chekent, cheker, checkin, checkin', checkées, tchekent, tchekes
cool, cools
tass', 'tasses, tass, 'tasse, tasses, 'tass, tasse'
moula, mula, moulaga, mulah, moulah, moulaya
belek, bellek, beleck, belleck, bellec, belec, bellick, belek', belekk
biz, biz', bizz, buis', bizz', buiss', biz's, biz-biz, buiz, buiz'
bicrave, bicravent, bicraveur, bicraveurs, bicraves, bibi', bicrav, bicravait, bicraver, re-bicrave, bicravais, bicrav', bi-bicrave, bikrav, bicravaient, bicravant, r'bicrave, rebibi, bicravera, bicraverais, bicraverait, bicraveront, bicravez, rebicrave, bikravant, bikrave, bikraveur
zik, 'sique, zic, 'zique, zique, zik', zic', ziks, 'zik, 'siques, zique', 'zic, sique, 'ziques, ziq, ziques, sique', zick', zig'
gun, guns
kho, khos, khoya, khouya, khoyas, kho', khouyas, kholoto, kholotos, khoroto, kholot, kholotte, khoo, khorotos, kho's, kho-kho, kholo, khosss, khoro, khoy', khoys
mif, mif', miff, miff', mifs, 'mif', miffs, mi-f', mi-f, mille-f
crew, crews
renoi, renois, re-noi, re-nois, res-noi, renoi', renoie, renoirs, res-noir
ken, ken', quèn', quer-n', quen', 'ken, 'ken', que-n', quén', quèn, quène, kène, kén, quen, 'quer-n', que-n, què-n, qué-n', kéne, què-n', quène', kèn
feat, featuring, feats, feat', featurings, feater, feature, featé, feate, featent, feat's, featais, featait, features
re-frè, refré, res-frè, re-fré, refrés, reufrés, re-frés, reufré, refrè, refrès, reu-fré, re-frès, reufrès, res-fré, reufrè, reu-frés, re-fre, refre, reuf-rés, reu-frè, re-frê, refres, res-frès, reufrée
reufs, reuf, reuf', reuf's, reufs', reu-f'
bendo, bando, bend', bendos, bend's
khey, kheys, kheye, rhey, rheyou, kheyou, rheyous, kheiye, rheys, kheyes, kheyo, kheyous, kheyyo, kheyos, kheyene, rheyo, rheytos
flex, flex', flexer, flexera, flexance
fonce-dé, foncedé, fonsdé, fons-dé, fonc-dé, foncdé, fonces-dé, fonceder, foncedés, fonce-dés, fonsdés, fonce-der, fonce-dé', fonc'-dé, foncder, fonsdée, fonc'dé, foncer-dé, fonsdé', fonse-dé, fonss-dé, fonce-dée, fonce-dées, foncé-dé, foncédés, foncées-dé, fonce-deh, fons-de, fonsder, fonc-dés, fon-ce-der, fon-ce-dé, fon-ce-dés
die, dies, dieront
rebeu, rebeus, rebeux, reubeus, reubeu, re-beu, rebeu', reu-beu, re-beus, rebeuz, reubeux
téma, té-ma, te-ma, tema, ter-ma, té-ma', tez-ma, tté-ma, tter-ma, te-mat, 'té-ma', téma', tte-ma, té'ma
bédo, bédos, bedo, bédot, bedos, bédots, bé-do, bédo', be-do, bedo', bedots
pe-ra, peura, peu-ra, pera, pé-ra, péra, pper-ra, per-ra, ppe-ra, ppé-ra, peras, 'peu-ra', pe-ra', peur-ras, per-ra', 'pé-ra', peur-ra, pper-ra', pé-rap, pé-rra, 'per-ra', 'peu-ra''pe-ra'
déter', déter, détèr', détère, déters, détér', détér, détèr, détères, détėr', deter', detér', dé-ter
ap, ap', as-p, aps, 'as-p', 'ap, as-p', 'ap', ap-s, 'a-p, 'aps', a-p, a-p'
tieks, tiek, tiek's, tieks', tiek', tiéks, tieq's, tieqs, tièks, tiecks, tier-q', tiék, tièk, tiec's, tier-c, tierq, tiék's, tièq, tiècs, tiecs
tah, tah', tahh, tahhh
zin, zins, 'zin, zin', zinz, zinz', zin's, zins', 'zins, 'sin
squad, squaad, squade
ients-cli, ient-cli, iencli, ien-cli, ienclis, ienclits, ien-clis, ients-ients, ien-clits, iens-cli, ients-clis, ient-clis, ien-clit, ientscli, ientes-cli, ienclie, 'ient-cli', ient-cli', yenclis, ienclards, ienclar, ien-clar, ienclard, iens-clar, ients-clar', yenclar, yenclars
vesqui, ves-qui, v'-esqui, veski, ve-squi, vé-squi, ve-esqui, vesqui', vés-qui, ves-ki, v'-squi, ves'-qui, ves'qui, ves-esqui, ves-qui', ves-squi, vesquis, v'-esqui', v'-ésqui, vès-qui, ve-esqui', ves-qi, veski', vè-squi, ver-squi
khaliss, khalis, khalisse, kha-khaliss, khaaliss, khalissi, rhalis
sheitan, sheïtan, sheitana, sheytan, shaytan, sheitane, sheitanise, sheitanisées, shetan, shettan, sheitaneries, sheitanisé, sheiytana, sheïtana, sheïtane, sheytane, sheytans, shaytana, shaytane, shaytans, shaïtan, sheithan, tan-shei, tan-shey, tan-sheï
hood, hoods
wallah, wallaye, wallahy, walay, wallahi, walaye, wallahye, wouallah, walai
high, highs
binks
tits-pe, tit-pe, ti-peu, ti-pe, tipeu, tit-peu, tits-peu, tipeus, tipeux, titepe, 'tits-pe', tis-peu, tite-pe, tit-pe', tits-pe', tis-pe, ti-peus, tites-pe, 'tit-pe', tipeu'
poucave, poucaves, poukave, poukaves, poucav, poucavent, poucav', poukav, poucavs, pouckave, poucavaient, poucaver, poucaverie, poucaveries, poukavent, poukavs, poukavé, poucaverai
like, likes, liké, likent, likez, likerai
concu', concu, conqu, conqu'
sky, 'sky, sky'
vibe, vibes, viber, vibent
fly, flyance, flyant, flyest
schnek, schneck, shnek, shneck, schneks, chnek, shneks, shnecks, schneiks, schneik, chneck, schnèk, schneckes, chneks, chnèque, schnek'zer, schneckzer, shnek'zer, schneck'zer, chneckzer
chill, chiller, chille, chillé, chillent, chillance, chillant, chilles, chillax, chill', chillera, chilleur, chilleurs, chillettes, tchiller, chillais
track, tracks, trackz
tier-quar, tiers-quar, tié-quar, tiécar, tierquar, tier-car, tiekar, tier-quar', tier-qua, tiéquar, tiers-quart, tiekcar, tie-quar, tiékars, tié-kar, tiékar, tiecar, tié-quart, tier'qua, tiequar, tier-quars, tiers-qua, 'tier-quar', tiécard, tiécars, tiè-quar, tier-kar, tier-quart, tiécart, tièkar
kill, killah, killeur, killé, killaz, killés, killent, killes, killeurs, killa', kill', killeuse, killeuz, killer, killez
scred, scred', 'scred', scre-d, scréd, screds, scre-d', scret-d', scrèd', 'scred, 'scrète, scret
gamos, gamoss, gamosse, gamosses
'teille, 'teilles, teilles', teill', teil', teill, 'teil
cons'
loca, loco, locos, locas
salam, salaam, as-salam, salam', asalam, as-salâm
homies, homie
motherfucker, motherfuck, motherfuck', motherfucking, motherfuckin', mothafucka, motherfucka, motherfuckers, mothafuck, mothafuckin', motherfuckin, motherfuckas, mothafuck', mothafucker, mother'fucking, mothafuckin, mothafuckaaa, mothafuckas, mothafuckers, mothafucking, mothahfuck, mothefucker, mother'fucker, motherfucka', motherfucks
àl, à-l, al', àl', 'à-l', 'àl', à-l'
gow, gows, go', go's, go'zer, go-ow
peuf, ppe-f', peuf', peufs, peuff, ppe-f
shtar, shtars, chtar, chtars, schtar, shtah, chtar's, chtards, chtah, chtars', schtards, chtard, shtar's, chta, chtar', schtar', schtard
oim, oi-m, oim', 'oi-m', oi-m', ois-m, oims, oi-ms, oims', 'oim
chelou, chelous, che-lou, ches-lou, cheloues, cheloue, 'che-lou', chelou', ches-lou', cheloument, che-lou'
soss, soces, soss', soc', ssoc', ssos', 'soce, 'soces, soc's, 'ssoc, 'ssoce, 'ssos, soce 'soc', ssos
rain-té, rrain-té, rrain-te, rainté, rain-ter, rainter, rain-te, raintés, rinté, rrains-te, rain-tés, rrains-té, rrainté, rains-té, rain-t, rintés, rain-ter'
swag, swagg, swaggé, swaggés, swagga, swaag, swag'zer, swaggeurs, swaga, swaggée, swaggées, swaggué, swagé, swagy, swagance, swaguer
amigo, amigos
bougs, boug, bougzer, bougzers, boug', boug'zer, boug-zer, bougs', boug'z, boug'zers, bougs'zer, bougz, bougz', bougzere
chica, chico, chicos, chicas, tchika, tchico, chicco, tchikas, tchicos
gue-dro, guedro, gues-dro, guer-dro, gue-dros, gue'dro, gue-dro'
pécho, per-cho, pé-cho, pecho, pper-cho, péchos, per-cho', pper-cho', pe-cho, pé-cho', pécho'
bédave, bédavent, bédaves, bedave, bédaveur, bédaveurs, bédav, bédavais, bédavait, bédaver, bedav, bédav', bédavera, bedaver, bedaves, bedaveur
cess, cess', 'cess
zeb, zeub, zebi, zeubi, zeb', zeubs, zeub', zebs, zéb', zéb
deuspi, de-spee, despi, de-spi, deu-spi, despee, deu-spee, deus-pi, de-spee', deuspi', deusspi, deuss-pi
tasse-pé, tasses-pé, tass-pé, tasspé, taspé, taspés, tasspés, tas-pé, tassepé, tassepés, tass-pés, tasse-pé', tasse-pe, tasse-pés, tass-pé', tass-pées, tasses-pé', 'tasses-pé, 'tasses-pé'
boloss, bolosses, bolosse, bolos', boloss', bolosser, bolossé, bolossent
bre-som, bresom, bressom, bres-som, breussom, bre-soms, bre-son, bre-ssom, bressoms
shlags, shlag, schlags, schlag, shlagues, shlague, shlaguito, shlagg, shlaggs, schlaggs, schlagg, schlaggués, chlags, schlagués, shlagués, shlagés, shlagueuses, shlago, shlagance, shlagito, shlagoss', chlagues, shlaga
blunt, blunts
follow, followers, followent, follower, followe, followeuses
faya, fayas
té-ci, téci, tés-ci, 'té-ci', teci, té-ci', técis, te-ci, té-cies, téçi, te-si, tess-y
smoke, smoker, smokin', smokent, smoké, smokin, smokes, smokeur, smokeurs
best, bests
wacks, wack, wak, whack, whacks, wack's, wacka, wackers, wackettes
brolique, brolic, brolik, brelic, broliques, brolics, broliks, brolick, brelik, breliques, brelics, brolicks, brelique, brolic', brelic', bre-lic, brelick, lik-bro, bre-li-ca
rageux, rageuse, rageuses
schmits, shmits, shmitts, schmitt, schmit, schmeta, shmitt, schmet, anti-schmits, schmiture, shmit, shmeta, shmidt, schmets, schmidts, shmiture, anti-schmit, shmetas, shmettas, schmetas, shmidts, schmétas, chmetah, shmites, schmit', shmets, shmett, shmet, schmidture, schmittée, shmitture, schmitards, chmet, chméta, chmétas, anti-schmitt
vi-ser, vis-ser, vi-sser, visser', vissère, vi-ser', vi-cer, vi-sère, vi-sèr, vi-sèr', vi-sér, vi'-ser, visère, vies-ser, visére, vi-scer, vi-sere, vi-sére, vi-cèr
pélo, pelo, pélos, pelos, pelot
tchoin, tchoins, tshoin, tschoin, tshoins, choine, choines, choin
peufra, ppe-fra, pe-fra, peu-fra, pefra, pé-fra, peuffra, pe-ffra, pper-fra, ppé-fra, 'ppe-fra', per-fra, peffra
battle, battles
hass, hass', lahass, lahasse, hess, lahess, hess', larhess
te-tê, te-té, teté, tetés, tetê, teuté, te-tés, teu-tê, teu-té, teu-tés, te-tês, teus-tê, teutés, tè-te
seille-o, zeillo, seill-o, zeille-o, seil-o, seillo, zei-llo, seille-o', seilleo, seileos, 'seille-o, 'seillo, zeil-o, zeill-o, zeilo
couz, couz', couzs, cous'
jump, jumper, jump', jumpin', jumping, jumpent
paro, paro'
fake, fakes
tel-hô, tel-ho, télo, tels-hô, telho, tels-ho, tél-hô, tel-ho', tel-ô, tel-hô', télho
merco, merco', mercos, merco-benz, merco-benzo
tard-pé, tarpé, tar-pé, tarpés, tards-pé, tar-pés, tard-pé', 'tard-pé', tard-p'
seufs, seuf, sseufs, sses-f', seuf', sseuf, sseuf', seuff, seuffs, seufs', sseufs', seuf's, 'sseuf, sseufs, sse-fe, sse-f', sse-fés, ssef, sse-f, sse-fes, sse-fé, ssef'
lossa, lope-sa, lopes-sa, lossas, losa, lopsa, lo-sa, lops-sa, lopes-s', losas, los-sa, lope-sas, loppes-sa, lopesa, lopsale, 'lopes-sa', lo-ssa, lope-s', lopsas, lopes-s
hagar, hagra, hagars, hagras, hagrah, hagar', haggra
instru, instrus, instru', instrus'
tain-p', tainp', tainp, timp', timpes, timp, timps, tainps, tains-p', tain-p, timpe, taimp', taimp, tains-p, 'tains-p', tainpes, 'tainp, tinp, tainpe, timps', tinp', tain-p's, tain-ps, tains', tainsp', taimpe, timp's, tinpes, tinps, tin-p', 'tain-p'
lyrical, lyricale, lyricalement, lyricales, lyrilycal, lyricaux, lyrical'ment, lyricals, lyrikal
shab, srabs, sahbi, shabs, shrab, srab, shrabs, shabi, srhab, srhabs, sahb, sahbs, sahrbi, sahab, srahbs
ter-ter, terter, terre-terre, ter-ters, ter-terre, tèr-tèr, terters, ter-ter'
stud', studs'
diff', dif'
bât', bat'
sère-mi, zermi, zer-mi, zère-mi, sèr-mi, sères-mi, sere-mi, 'sère-mi, 'sère-mi', sèremi, zèr-mi, seremi
babtou, babtous, babtoues, bab-tou
gova, govas, go-va, gos-va
du-per, duper, dus-per, du-per', due-per, 'du-per', dus-per', du-perd, duper'
frelo, frell, frelos, frelots, frell', frells, frel, frel', frele, frelo', frello
caille-ra, cailles-ra, 'cailles-ra', caille-ras
akhi, akhis, akhy, akhé, akhey
'blèmes, 'blème, blème, blèmes, blemes, blems, 'blême, blem, blem', blèmes', 'blemes, 'blems, 'blêmes, blèm, blèm', 'blèm, 'blem, 'bleme, blèms
twerk, twerke, twerker, twerkent, twerkes, twerks, twerkin, twerkais, twerkant, twerké, twerkeuse, twerkiez
bé-tom, ber-tom, bé-ton, bés-tom, bétom, be-tom, ber-ton, 'ber-tom', bes-tom, bé-tom', bé-tonm, be-ton, ber-tom', 'bés-tom', bée-tom, 'ber-tom', bée-tom
taga, tagas, tagasses, taga', tagass, tagasse
sip, sippin', sip', sippin, sipp', sipp'in, sippe, sippent, sipper, sipin, sipin', sippeurs, sipant, sippais
inch'allah, inchallah, inshallah, insh'allah, incha'allah, insha'allah, inshaallah, inchaallah, inchalah, inchalla
punchline, punchliner, punchlineur, punch-line, punch-lignes, punchliners
llets-bi, llet-bi, illet-bi, illets-bi, lliets-bi, illetbi, ietts-b', illet-bs, illets-b, lletbi, llets-b', lletts-bi, lliet-bi, illets-bi'
story, story's, storie
teuf, teufs, te-fê, teuf', te-fé, teuff
bro, bros, brother, bro', brothers, brotha, brotherz, bro's
gent-ar, gen-ar, gen-art, gents-ar, gent-ar'
te-shi, teushi, teu-shi, teuchi, t-shi, te-chi, teshi, teu-chi, teu-schi, ti-shi, te-shi'
lambo, lambo', lamb', lambos, lambi
cainri, cain-ri, cainris, cains-ri, cains-'ri, cain-ris, cain-'ri, cainry, cain'-'ri, cainrys, cain-ri'
oinj, oint-j, oinj', oin-j, oinjs, oints-j, oint-j', oin-je, oin'-j, oinj-t, oinje, oinjes, oinjt
fight, fighter, fighte
drip
iep, ieps, ied-p, ieds-p, ieds-p', iep', ièp, ied-p', iepds, 'iep, ie-p, ieu-p, 'ieds-p', iep-ds, ieps', 'ied-p', iepd, ieup, 'ieps, ièps, iép, iép', ieupé
zinc, zinc', zincs, sin-c', zinc's, zincs', zin-c', 'zinc, zink', sin-c
cro-mi, cromi, 'cro-mi', cro-mi', cromis, cros-mi, cro-im
move, mové, moov, movin', moovés, mooves, movez, movez', movin, mover, moov'
tej, tèj, tej', tèj', téj', téj, té-je, tè-je, te-je, tèje, tèjent, te-j, té-j', te-j', 'tej, te-jè, te-jé, teuj, ter-j, ter-je, tè-j, 'tèj', tte-je, ter-j'
level, levels
gadji, gadjis, gadjo, gadjos, gadgis, gadgi, gadjies, gadgo, gardjo
opé, opé', opés, opée
askip, aski', askip', aski
dar, dar', dars
pe-pom, pé-pom, per-pom, pes-pom, pépom, pepom, peu-pom, pe-pon, peupom, pe-poms, pepoms, 'pé-pom', pé-pon
indé, indé', indés
muerte, muerta, muertos, muerto
racli, raclis, raclie, racli', raclies, raclises, racllis, racl', raclos, raclo, raclots, raclo'
té-cô, té-co, téco, te-cô, té-côt, te-co, té-cô', tè-co', técô, técos, tée-co
cops, cops'
kil', kil's, kils, kils'
cheum, cheums, cheums', cheum', 'cheum'
relou, relous, re-lou, relou', res-lou
dinero, dineros
nada
ness-bi, snes-b, nessbi, nesbi, ness-bui, nes-bi, zness-bi, ness-biz, 'ness-bui', sness-bi, ness-bi', ness-bis, ness-buis, ness-buis', ness-b, 'ness-bu, sness-bui, ness-bui'
te-trai, tes-traî, te-traî, tes-trai, teutraî, te-trais, tetrai, tetrais, tetré, teutrai, teutraîs, teutrés, teu-traî, teu-tré, teu-trés, teutre
falsch, falsh, falche, falches, falch, falshs, falsh', falschs, falsher
stone, stoned, stonarisé
gardav', garde-à-v', gardav, gard'av, gardes-à-v', garde-av, garde-d'av', garde-à-v, garde-av', gard'à'v, gard'à-v', gard-a-v', gard-av, gardav's, gardave, garde-à
fuego, fuegos
niaks, niak, niac, niak's, niakh, niaks', niaxx, niack, niacks, niak', niakhs, niax', niac', niacs
capuché, capuchés, capuchée
haram, haramistes, haramifié, haramis
puta, puto, putas, putos
gro-né, groné, gros-né, gro-ne, gronés
looser, loser, loose, lose, loosé, loos', loosés, loses, loosent, losent
compet', compét', compèt', compet, compèt, compets, compéts', compét, compéts, compèts
diez, dieze, diezes, djézer, djéssi, djéze
hamdoullah, hamdoulah, hamdou', hamdoulilah, hamdullah, alhamdulillah, hamdoulillah, hamdoullilah, hamdulilah, hamdulillah, hamdou, al-hamdoulillah, hamdoula, hamdoulaah, hamdoulila, hamdullilah, alhamdoulilah, al-hamdoulilah
khabat, khabats, khabate, khabatt, khabbate
uc, uc', ul-c, uls-c, 'uc, u-c, uc's, ucs, ul-c', ulc, uls-c', ul'c, uc-l, u-c', u'c, 'uc', u'-c
aç, ac', a-ç, aç', 'à-ç', 'a-ç', àç', a-ç'
stup, stups', stup's, stupstup'
goddamn, gaddamn, godamn, gadamn, gaddam, gadem, gaddamn', gaddemn
teuch, teush, teuch', te-sh', teuchs, te-sh, teu-ch, teu-ch', teu-sh', teush', teu-ish, t-sh', teu-sh, te-ch
aka, a.k.a
dark, darks
hustler, hustla, hustlers, hussle, hustleuse, hustlin', hustlaz, husler, hussler, hustla', hustlarde, hustlin, huslin, hustle's, hustlers's
bounce, bouncer, bouncent, bounces, bouncé
mouv', mouv
tout-par, tout-part, tou-par, tout-par', toutpar, toupar
féfé, fefe, féfé', fé-fé, féfés, fefe', 'féfé', fée-fée, fé'-fé'
gé-char, gée-char, gées-char, gée-char', ger-char, ge-char, ger-char'
adios, adiós
beur, beurs, beu-r, beure, beur'
me-ar, mes-ar, mé-ar, me-ars, mée-l'ar, mée-ar, me-arm, mes-ar', més-ar
jnouns, jnoun, jnouné, jnouney, jnounés, jnoounes, jnounes, jnoon, jnooné, jnoune, jnouner, jnouneys, jnounées
bling-bling, bling-blings, blings-blings
crari, craris, krari, craries, crar'
mille-fa, mifa, mi-fa, millefa, miffa, mifa', mille'fa, mille-af, mille-a-f
zbeul, sbeul, zbeuhl, zbeuleur, zbel, zbeule, zbeuleurs, zbeulettique, sbeuhl, sbeul', sbeule, sbeull, sbeuln
easy
blèmes-pro, blème-pro, blem-pro, blèmpros, blem-pros, blême-pro, bleme-pro, blème-pro', blémes-pro, blèmes-pro', blèmepros, blèmepro, blèm-pros, blèm-pro, 'blèmes-pro', blemes-pro, blempros, blémepro, blems-pro, bèmes-pro
foulek, fouleks, fouleck, foulecks, foulec, foolek, fooleks, fooleck
michto, michtos, michto', micheto'
pillave, pillavent, pillaves, pillav, pillaveurs, llave-pi, pillavait, pilliave, pillav'
rockstar, rockstars, rock-star, rocksta, rock-stars, rocsta
roro, ro-ro, roros, roro', ro-ros
veau-cer, veaux-cer, veaucer, veaucers, vau-cer, veaux-cer', veau-cer'
vénèr, véner, vener, vénèr', véner', vé-ner, vénére, vénér', vénerre, véners, vener', veners, vénèrs, vé-'ner, vé-nère, vénerer, ve-ner, vènére, vé-ner', vé-nere, vé-nér, vénér, vés-ner', 'vé-ner', 'vée-ner', 'vés-ner', 'vées-ner'
de-mer, demer, de-mer', 'de-mer'
haters, hater, hater's, haterz
fame, fames'
popo, popo', popos
selfie, selfies
miskine, meskine, miskina, meskina, miskines, meskin, meskines, meskinne, miskinas
sheguey, shegueys, shegueysses, shegey, shegeys, shegguey, sheyguey
ue-r, ur, ur', ur-e, ue-r', u-re, ues-r, u-r, 'ue-r', ure'
killu, killu', killus, kilu, killus', kilou, kilu'
son-pri, zon-pri, sonpri, zonpri, son-pri', sons-pri
chouf, chouffe, chouf', chouf-chouf, choufe, chouffer, choufs, choufer, chouffent, tchouffer
rabzas, rabza, rabzouz, rabes-a, rab-za, rabza', rabsa, rabsas, rabsats, rabzouss, rabzouzettes
teub, teubs, teub', te-ub, teube, teubs'
comico, comico', comicos
good
deep, deeper
braquo, braquos, bracos, braquo', braco', brako, braquot, bracko
corazón, corazon, corasón
rate-pi, rates-pi, rat-pi, ratp, ratpi, ratpis, rat'pis, ratepi, ratepis, rat-pis
auch, aud-ch, auch', auch's, 'auch, 'aud-ch', 'auds-ch', aud-ch', aude-ch
walou, wallou, walouh, wallouh
sista, sistas, sister, sisters, sistah, sista', sista's
teubé, te-bê, teubée, teubés, teu-bé, te-bés, teu-bés, te-bé, teu-bê, tebé, tes-bê, teubè, teubê, te-bè, te-bês, teu-be, teus-bé, tebê, tes-bés, tes-bê'
ler-par, lé-par, le-par, lépar, lerpar, 'ler-par', 'lé-par', lez-par, lé-parle
perquis', perquises, perquis, perquiz, perquiz', perquize, perquise, perquise', perquisent, perquiser, perquisait
rotte-ca, rottes-ca, rot-ca, rote-ca, rotca, rottes-cas, rot-ka, rotte-ca', rotte-cas, rotteca, rottent-ca, rrote-ca, 'rottes-ca'
vago, vagos, vag'
gov', govs, gov's
hebs, hèbs
tiep, tié-p', tiep', tièp, tièp', tiép, tiép', tié-p, 'tié-p', 'tiep', tier-p', tie-p, tie-p', tieps, 'tié-p
ous-s, ouss, ous', ouss', 'ous, 'ous-s', ous-s', ou-s, ou-s', ou-sses
keus, keuss, keuss', keus', que-s, keusses, keusse, ke-se
fe-meu, feu-meu, feumeu, femeu, fe-me, feu-me, feu-meus, fe-meus, fe-mmeu, femeus, feu-mes, feu-mme, feu-mmes, f-meu
pouki, pookie, poukis, poukie, pookies, poukies, pouci, poukri, poucis, pouk, pouc', pouc's, pouky, ex-poukis, poucas, poukpouk, pouc
rodave, rodav, rodaves, rodav', rodavent
sheesh, sheeesh, shesh, cheech, sheeshee, shesssh, sheeh, sheee
she-ca, ché-ca, cher-ca, cher-cher, sheca, chées-ca, chée-ca, che-ca, checa, chés-ca, chéca, 'she-ca', she-ca'
kické, kickent, kickes, kickais, kickant, kickait, kickerai, kickez, kickés, kickée
shlass, schlasser, shlasser, schlassé, shlas, schlas, schlassent, shlasse, schlassait, schlassant, schlasseur, schlassée, shlasses, shlassons, shlassé, shlassés
tho-my, thos-my, tho-mi, thomy, thos-my', thos-mi
broliqué, broliqués, breliké, broliker, broliquée, broliké, breliqué, broliquer, brolické, brolike, breliquées
kichta, kichtas
you-voi, youvoi, yous-voi, youvois, yous-voy, you-voy, you-vois, yous-vo, yous-vo', youx-voi, youvoie, you-vo
insta, insta'
phone-tel, phone-tél', phone-tél, phonetel, phone-tel', phones-tel, phones-tél', phonetel', 'phone-tel'
yeuks, yeuk, yeuc, yeuc', yeucs, illes-c', ieucs', lleuc', illes-c, yeucs', ille-c, 'illes-c', yeuks', 'yeuks, lleucs, illes-c's
youv, youv', youvs, yous-v', youves, yous-v, youves', you-v'
habibi, habiba
mood
snitch, snitchs, snitchent, snitché, snich
vil-ci, vils-ci, vile-ci, viles-ci, vilci, ville-zi, vilssie, vilcis, vil-cies, vil-cis
baggy, baggies
gole-ri, golri, goleri, golent-ri, 'gole-ri', goler-ri, goles-ri, golerie, gol'ri, gol-ri gole-ri', go-lri
goumer, goume, goumé, goument, goumée, goumés, goumant, goumes
transac', transac, transacs, transacs', transact'
tox', toxs, toxo, toxs', tox's, toxos, toxes, toxo'
bon-char, bonchar, ‚bon-char', bonne-char
plavon, plavons
son-mai, zonmé, zonmai, sons-mai, sonmai
crazy
rents-pa, ren-pa, rent-pas, rentspas, renpa, ren-pas, rent-pa rents-pas
tweets, tweet, tweeter, tweete, retweet, tweeté, retweete, retweets, tweetent, tweetes, retweetés, retweetes, retweeter, retweetent, re-tweet
fouf, fouffe, foufs, fouf', foufes, foufe
rdv
youth, youth'
falas, fala, fala'
re-sta, reusta, reustas, re-star, reu-sta, rreu-sta, 're-sta', 'rre-sta', reus-ta
tchop, tchope
khalass, khalas, khalasse, khalass'
booty, booties, bootie
ce-vi, ces-vi, ce-vis, ces-vis, 'ces-vi', ceu-vi, ce-vi'
cojones, cojo, cojos, cojo', cojoness
ner-tour, né-tour, nétour, ne-tour, née-tour, ner-tou, netour, nées-tour, nés-tour
oigt-d, oid', oigts-d, oids, oigt, oidgts, oidts, oid-gt, oid-gts, oig-d, oidgt, oid's, oigt-de, oits-d, 'oigt-d', oi-d
postiché, postichés, postichée, postichent
ouf, oufs, ouf', ou-f
proc', proc's
réput', réput, réput's, réputs
chibre, chibres
busy
mano, manos
mcdo, macdo, mcdo', mcd'oz, mac-do
fonscar, fonskar, fonscars, foncecar, fons-car, fonse-car, fonsscar, fonscard, fonce-car
keum, keums, keum', que-mè, que-mé'
lol, lol's, l.o.l
tisse-mé, tissmé, tisses-mé, tismé, tiss-mé, tissmés, tismés, 'tisse-mé', tismé's, tismée, 'tisses-mé'
beurette, beurettes
bsahtek, bsartek, psahtek, psartek, bsartik, bsahteck, psahteck, bsahrtek, bsahtik, bsateck, bsathek, bshatek, psartik, bzahtek, bzartek
cer-su, cé-su, ce-su, césu, cer-su', cersu, ces-su, cer-us', cer-u-s, cer-us, cé-us, cé-us'
drive-by
grinder, grind, grinderz, grindent, grindeuse, grinde
gue-din, gues-din, guedin, guedins, gue-din', geu-din
ienb, ien-b, ienb', ien-b', ienbs, i-enb
playa
sah, sahr
tél', tel', tèl', tèl
scarlas, scarla, scar-las, scar'la, scarlats, skarla, skarlas, 'scard-la', 'scards-la'
tonight
rookie, rookies, rookys
stream, streams, streaming, streamer, streamez, streamé
cassos, cassos', k-sos, cas-soc', cas-soces, cas-sos, cas-sos', cas-soss, cas-soc, cassoc', cassoces, k-soss, cas'soc, cas-soce
kahba, kehba, kah, kahbas, khabas, kehbas, kah', khaba, khabs, kehb, keh', keh's
mé-cra, mécra, més-cra, mée-cra, mées-cra, me-cra, mé-crâ, mé-cras, mecra, mekra
sonne-per, sonneper, sonne-pèr'
noich, noich', noichs, nois-ch', noi-chs, noi-ch
inspi', inspi
reum, reum', reums, re-m'
wari, wahri
champ', champ's
dick, dicks
hashtag, hashtags, hash-tag
ie-v, iv', i-ve, ies-v, i-v, iv-e, ie-v', i-ves, iv's
narvalo, narvalos, narvallo, narvalow, narvalé, narvallos, narvali, narvalito
ne-zo, nezo
te-boî, te-boi, tes-boî, teboi, teboî, teu-boî, 'te-boî', ter-boî
handek, hendek, hendeck, hendeks, handeks, handeck, handèk
pé-ta, per-ta, pe-ta, pé-ta', ppé-ta
vatos, vato
seille, zeille, seille', seil', 'seil, seille-', zeil', zeille', zeill', 'zeille, 'zeil
qué-blo, qués-blo, québlo, quer-blo, queblo, que-blo, keblo
ceau-mor, ceaux-mor, ceaumor, 'ceaux-mor', ço-mor, ceau-more, ceau-mors, ceau-mor'
illes-cou, ille-cou, yeu-cou, lles-coui, yeucou, yeukou, yeucous, lles-c', illeus-cou, 'ille-cou', ieu-cou, illes-cou', illeu-cou, yeukous, yeu-kou, ieucous, lle-cou, lle-cou', lle-coui, lles-cou, lles-iouc, ieucou, llec'
ré-ti, rer-ti, re-ti, réti, 'ré-ti', reti, rent-ti
barjo, barjot, barjots, barjos, barje, barj', barjes
hlel
rapta, khabta, raptas, rhabta, rhapta, khaptas
pénave, penave, pénaves, pénavent, pénav, pénav'
pote-ca, potes-ca, pote-k, potte-ca, pottes-ca, poteca, potecas, 'potes-ca'
sé-po, ser-po, sé-po', ser-po', ‚sé-po', se-po
banger, bangers, bangerz
cabeza, cabesa, cabess, cabez', cabess', cabessa
cliquos, clicos, clicquot, clikos, cliquot, cliquose, clikoss
le-gueu, le-geu, legueu, 'le-gueu', le-gue
mythonne, mythonnent, mythonner, mythonnes, mythones, mythone, mythonné, mythoner, mythonais, mythonnez, mytonne
pers'
ter-sau, té-sau, te-sau, ter-saut, tésau, tersau
tiekson, tiek-son, tieksons, tiek'son, tieckson, tiequson
ble-ta, 'ble-ta', bles-ta, 'bles-ta', bleta, bleau-ta
shawty, shorty, shawtey, shawdy
té-mon, ter-mon, te-mon, témon, 'té-mon', ter-mon', tez-mon, tée-mon, tées-mon
geush, gue-sh', geushs, geuchs, geuch, guesh, ge-sh', gueshs, geuch', geush', gues-sch', geu-sh, geushe, ge-sh, geusch, geuches
lyriciste, lyricistes, lyricsiste, lyricisme, lyrisiste, lyricste
rée-soi, rées-soi, rée-ssoi, réesoi, réessoi, ré-soi, ré-ssoi
garo, garos, garot, garots, garro, garo', garohs, garro'
pimp, pimper, pimpé, pimpe, pimp', pimpage, pimpance, pimpeur, pimpin, pimpin', pimpent
power, powers
caliente, calienté, calien', calientes
gé-chan, ger-chan, gée-chan, 'gé-chan'
smile, smiler, smilin', smiles, smilent
veuchs, veuch', veuch, veux-che, veux-ch', veuches, veux-ch, veux-cheu'
player, players, playeur
charbonneur, charbonneurs, charboneur, charbonheur
digi, digis
gratos
matrixé, matrixés, matrixer, matrixée
kickeurs, kickeur, kickeuse
skills, skillz, skilz, skill
squa, squa', squar
baceux, baqueux, bacqueux, backeux, baceu, baqueu, bacqeux, backeus, bacs-euh, baqeu, baqeux
beef, beefs
ris-pa, ris-pa', ri-pa, ripa
sin-cou, zincou, zin-cou, zincous, zins-cou, zine-cou, zinkou, sin-cous, ssin-cou, 'sin-cou'
re-pu, repu
che-po, ches-po, chepo, che-pos, chepos
rip, rip', r.i.p.
rre-ve, rre-vè, rre-ves
pétou, petou, pétous, pétou'
reuss, reus', reusses, reuss', reu-s, reusse', reusse
gunshot, gunshots
zehef, zahef, ze-zehef, ze-ze-zehef
oi-t, oit', 'oi-t', oi-t'
pochtar, pochetards, pochtards, pochtard, pochetars, pochetar, pochetard, poch'tard, poch-tar, pocht'ar, pochtar', pochtars
los-ki, lo-ki, lo-kis, lokis, los-kil, loski, lokies, 'lo-ki'
re-mè, re-mé, reu-mé, reumè, reumé, reu-me, reu-mè, re-mès, re-mes
cool-al, col-al, cools-al, cool-al', coolal
soir-ce
arah, aarah
bpm, b.p.m
eins, eins', eins-s, ein-s, eins-s', 'eins, einss, einsse, 'eins-s'
headshot, headshots
tofs, tof, tof', toph'
zbar, sbar, sbars, zbars, zbah, zbarr, sbarre, sbar', zder, zders, zdar, zdah, zdars'
meujs, meuj, meuges, meuge, meujes, meuj', meug, meu-g, meugs, meuje, me-je
cé-per, ce-per, céper, céper', cé-per', cé-pèr, cépèr, 'cer-per', cerper
ien-ch, iench, iench', ien-ch', ienchs, iens-ch, 'ien-ch', 'iens-ch'
que-tru, ke-tru, ques-tru, c-tru, ce-tru, cs-tru, keu-tru, keu-trus, queu-trus, ck-tru, ce-truc, ques-tru', que-trus
trom', trom, tro-m', tro-m
wife
kisdés, kisdé, kissdé, kis-dé, kissdés, quisdés, kisder, kiss-dé, quisdé, kisdes, quis-dé
perpet', perpét', perpèt', perpette, perpèt, perpét
terma, tarma, tarm', termas, tarmas, terma'
tte-cha, te-cha, teu-cha, teucha, ttes-cha, tte-cha', ttes-chas, te-chat, teuchas, teu-sha
tarba, tards-bâ, tard-bâ, tar-ba, tard-ba, tards-ba, tarbas, tar-bâ, tard-bar, tardb-bâ, tarbâ
aleykoum, alaykoum, alaykum, 'aleïkoum, 'alaykoum
doobie, doobies, dooby, doobi, doobys
keumé, keumés, keu-mé, keu-més, keu-me, keumè
puterie, puteries
vamos
camo, camo'
cistes-ra, ciste-ra, cist-ra, ciste-ras, 'cistes-ra', cisteras, cistes-ra'
faux-culs, faux-cul
sse-lia, sses-lia
trav', trave', trav's, travs'
chant-mé, chanmé, chan-mé, chants-mé, 'chant-mé', chantmé, chan-més
ché-cra, cher-cra, chécra, che-cra, 'ché-cra'
dél', del', dél, dèl'
pine-co, pines-co, pine-cos, pinco, 'pine-co', 'pines-co'
carjack, car-jacking, carjacking, car-jack, carjacker, car-jack', car-jacks, carjacks, car-jacker
garette-ci, garettes-ci, garrette-ci, garetteci, garrete-ci, garette-cis
lère-ga, lères-ga, lèrega, ler-ga, lere-ga
ti-par, tie-par, ti-par', 'ti-par'
ton-car, toncar, tons-car, tonne-car, ton-cars, toncard, tonkar
toubab, toubabs, tou-bab, tou-babs, semi-toubab
cellophanée, cellophané, cellophanés, cellophaner, cellophanées, cellophanise
kwer, kweh
me-da, meuda, mes-da, meu-da, me-da', me-das, me'-da', meuda', me-'da
mis-per, mi-per, miper
tate-pa, tatepa, tates-pa, tate-pa', tatpa
warrior, warriors, warriorz
zetla
'quette, quette, quette', 'quettes, quett', quet'
cher-mar, ché-mar, chémar, che-mar, ches-mar
chourave, choure, chouraveurs, chourrer, chouravent, chouraves, chouraveur, chourer, chourav', chouravable, chourav, chouravez, chou-rav, tchourav, tchourave, chourrave, chourera, choures, chourre, chourres, chourrés, chours, chouré, chourrais
dancefloor, dancefloors, dance-floor, dance-floors, dancfloor
smooth, smoove, smoov', smoov, smoov'ment, smooths
zipette, zipettes, zippette, zippete
zonz, zonz', zonzs, zonze, 'zons, 'zonz', zon'
loc', locs, loc's
ce-for, cefor, 'ce-for', cer-for
dunk, dunker, dunké, dunke
lice-po, 'lice-po', licepo
quer-cro, qué-cro, quécro, que-cro, 'quer-cro', quecro
re-soeu, re-sœu, reusseu, re-seu, reu-seu, re-soeus, reuseu, reu-sse, re-sœ, re-soe, reus-seu, res-soeu, reu-sœu, reusseuh
rre-gue, rre-gué, rregué, rre-guè, 'rre-gue'
be-bar, bé-bar, bes-bar, 'be-bar', be-bare, besbar, beubar
beu, beu', beuhs, beuh'
cher-lâ, ché-lâ, che-lâ, ches-lâ, cher-lâ', cher-là, chéla
del-bor, dél-bor
mélo', mélos, mélos'
quette-pla, quettes-pla, quettes-pla', quette'pla, quet-pla, 'quette-pla'
beuj, beujs, beuj', bes-j', beujs', beuje, beu-j, be-j, be-j', bej', 'bej
tter-gra, té-gra, tté-gra, te-gra, tégra, tte-gra, ter-gra, ter-grat, 'tter-gra'
ve-ca, ves-ca, veca, ve-cas
dawg, dogs, dawgs, dawgz, dogz
lifestyle
reup, reup', reu-p, reups, reu-p'
reur-ti, reurs-ti, reurti, reurtis, reur-tis
beu-her, beuher, beuhair, beuhère, beuh-er, beuhèr, beuh-her, beuh-r, beu-ère, beu'her, be-her, be-heu, be-her'
cer-per, ceper, cer-pé, cer-pèr
cruise, cruiser, cruisin', cruises, cruisent, cruisé, crusent
dalleux, daleux, daleu, dalleu, dalleuses, dalleur, dalleuse
çais-fran, çais-fran', çais-su, cais-fran, 'çais-fran', çai-fran, cè-fran
crom, cro-m', 'cro-m', cro-m, cro'm, 'crom'
opps
pq, p.q
ter'
teuteu, teu-teu, teuh-teuh, teuteu', teuteuh
ce-fran, cé-fran, céfran, cefran, ceu-fran
chaudasse, chaudasses, chaudace
pec', pecs', pek, pec's
tos-ma, tosma, tossma, toss-ma, tosse-ma
tro-mé, tromé, tro-me, trome
beatmaker, beatmakers, beatmake', beatmakerment, beat-maker, beat-making
choke, choker, choké, chokant, chokait, chokeur, chokés, chokave
gestu', gestu
ness, 'sness, snes, zness, ness', 'sness', 'ness
ssiste-gro, ssistes-gro, ssistes-gros, ssite-gro
akha
chard-clo, chards-clo, charclos, charclo, chard-clos, chard'clo, chard--clo, chard-clo', chards-clo', charclots
le-sa, lesa, le-ssa
me-gra, mme-gra, meu-gra, me-gras, meugra, meugras, mme-gras
milf, milfs
num', nums
pocheton, pochton, pochtons, pochetonne, pochtonne, pochtonner, pochtonnée, pochetonner
ze-dou, zedou, zedous, zeu-dou, zeudou
iech, ier-ch, iéch, ièch, iech', ier-ch', 'ier-ch', ieche, ie-ch, ie'-ch, iè-ch, ièche
lance-ba, lances-ba, 'lances-ba'
parlu, parlu', parlus
blanco, blancos
cances-va, cance-va, 'cances-van', cances-van
occas', occaz', occas, occaz, ocas', ocass'
pouchka, pushka, pushkas, poushka, pouchkas, pouchki, puschka, push-ka
ture-voi, tures-voi, turvoi, turevoi, turvois, ture-voir, tur-voi
dek, deks, dek', deks', dek's
gué-lar, guélar, gue-lar, gué-lar', gués-lar, gué-lards, guer-lar
marave, maravant, maravent, maraves
rette-ba, rettes-ba, rrette-ba, rrettes-ba, rette-bar, retteba
técla, té-cla, técla', te-cla, té-cla'
benzo, benzo', benza, benzos, benzer
cain-fri, cainfri, cainfris, kainfri, cains-fri, cainfry, cain-fri', cain-fry, cainfri', kainfre
cass-ded, casse-ded, cace-déd, casse-déd, cace-ded, cace-déd', casse-déd', cace-dèd, casse-ded', casseded', 'cace-déd', 'caces-ded', cace'ded, casse-dèd, casse-dèd', casse-dettes, casseded, cassedèd, cassedéd, casses-déd', cass'ded, cass-déd, cass-déd', caceded
da', da's
deales, dealant, dealais, dealait, dealée, dealés, deal', dealaient, dealeront, dealez, dealons, dealerai
ffaires-a, ffaire-sa, ffaire-za, ffaires-as
nachave, nachav, natchave, nachav', nachavent, nachavais, nachaves, natchav, natchav'
fafa, fafa'
ger-man, gé-man, german, ge-man
jdid, jdida, jdide
jet-pro, jets-pro, jetpro, jets-pro'
ser-dan, se-dan, sez-dan
tron-pa, trons-pa, tronpa, tronpas
zarma, zehma, zerma
billaye, billay, billeye
kalashé, kalashés, kalashée
me-sper, me'spèr, mesper, me-sper'
pe-sa, ppes-sa, ppe-sa, ppé-sa
zoulettes, zoulette
balek, ballec, balec, balec', ballec', ballek, balek'
ble-dia, ble-dias
me-ca, mé-ca, mé-cas, me-came, mée-ca, mes-ca
pe-cli, peu-cli, peucli, pe-clis, pecli, peuclis, peus-cli
quer-ni, qué-ni, ké-ni, kéni, quer-ni', 'quer-ni', ke-ni, keni
teille-bou, teilles-bou, teile-bou, teillbou, teille-bou', teille-bous, teille'bou, teilles-bou', teil-bou
tounsi, tounzi, tounsis, toune-zi, touncis
vapes
bouillave, bouyave, bouillaveurs, bouyav, bouyavent, boullave
dass, dass', 'dass', 'das
rect-di, rectdi, rects-di, recdit
soum-soum, soumsoum, soum'soum'
casse-dédi, cace-dédi, caces-dédi, cass-dédi, cace-dedi, casse-dedi, cassedédi, cassedédié
deuss, deus', deuss', deusse
mwana, muana
pit', pitt', pits'
winner, winners, winnin'
dique-sa, diques-sa, dique-sa', 'dique-sa'
fe-keu, feu-keu, feukeus, feukeu, feu-keus, feu-ke, fe-keus, feuk, feuks
hasba, hasbaa, hasbah, hasbas
indics, indic', indics'
sique-mu, zicmu, zic-mu, zik-mu, sic-mu, zikmu, zique-mu, zik'mu
'caille, 'cailles, caill', caille', caill
amné, amné', amnés, amnez', amnés', amnez, amnès'
condi', condi, condis'
qué-cra, quer-cra, que-cra, quecra, ke-cra, cke-cra
squatteur, squatteurs, squater, squat', squate, squates, squatts, squa-tes
starfoullah, starf', starfulila, starfollah, starfoulah, starfoulillah, starfullah, starfurllah, starfoullilah, starfallah, starf'allah, starfellah, starfilloullah, stargfirullah, starfiloullah
ti-sor, tit-sor, 'ti-sor', tissor, ti-ssors, 'tir-sor', tie-sor
mdr, m.d.r
te-pu, tepu, teupu, te-pus, tepus, teu-pu, tes-pu
bre-cham, bre-chan, bré-chan, brer-cham, bres-cham, bré-cham
cendar, cendars, cendard, cendar', cendards
ché-tou, cher-tou, che-tou, chés-tou
keblack, kebla, ck-bla, ke-bla, keu-bla, ckes-bla, cke-bla
mi-homme, mi-hommes
mierda
oklm
ons, ons-s, ons-s', onss
ffe-bi, fe-bi, ff-bi, fe-bi', feu-bi
gang-bang, gang-bangs, gang-banger, gangs-bang, gangbanger
ler-dea, lers-dea, lerdea, leur-dea
michtonneuses, michtonneuse, michetonneuses, michtoneuse, michtoneuses, michetonneuse
ter-chan, té-chan, te-chan, ter-chant
touches-car, touche-car, touchescar, touchkar, touchecars
uer-t, ue-t, uet, uer-t', uer't, uet', u-t
bum-al, bums-al, bum-al', bum-als, bumal
darwa, darwah, dawa', darwaaahh, dawas, darwha, dawah
de-mon, des-mon
fe-ta, ffe-ta, ffes-ta, ffer-ta
gare-ci, gares-ci, gar-ci, gareci, gar-cis
inarrêtable, inarrêtables, inarretables, innarretable, innarêtable
pourrave, pourave, pourraves, pouraves, pourav', pouravent, pouravissimes
qué-bra, quer-bra, que-bra, quebra, québra
semi-auto, semi-auto', semi-autos
zouz, zouz', zouz's, zouze, zouzes
trix-ma
cabrón, cabron
cimer, ci-mer, 'ci-mer'
doggyne, doggyner, doggi, doggine, dogginer, doguiner, dogine, dogginait, doguiné, dogyne, doggy-ner, doggin'
ge-ra, ges-ra
pérave, péraves, perave, pérav, peraves, péravent, perav
che-bou, chebou, ches-bou
ché-per, chéper, cher-per, chépèr, chépère, che-per, ché-per', chés-per
mi-dor, mis-dor, midor
pe-stu, pestu, pe-stus
sque-di, sques-di, squeu-di, squeu-dis, sque-dis, squedi, sque-di', skeudi, skeudis, skeu-di, skeus-dis
ste-po, stepo
yeuf, yeufs, ille-f, ille-fi, ill-euf, ill-eufs, illes-f', yeu-f', ieuf', lleufi, ille-euf
ce-pla, cepla, cé-pla, cée-pla
cello'
ché-cher, che-cher, cher-cher', chés-cher, chécher', ché-cher', ché-chèr
derch, derch', derches, derj'
garre-ba, garres-ba, garba, gar-ba, gare-ba, gares-ba
hesses, hessess, héssesse, hessesse
hijo, hijos, hija, hijas
loux-ja, lou-ja
nois-chi, noi-chi, noichi, noichis, noi'chi, noi-chis, noise-chi
siste-gro, siste-gros, sistes-gro, sistes-gros, sisste-gro, sisstes-gro, sisstgro
splifs, spleef, spleefs, splif', spliffer, spliffé, spliff', spleefer, spliffe, spliffs'
tamien, tamiens
hassoul, hassol, hassoule
seul-tout, seuls-tous, seuls-tout, seule-tout, seule-toute
be-bom, be-boms, bebom, beboms, 'bes-bom', bé-bom
feuj, feujs, feuj', feu-jui
ge-gor, gé-gor, gegor
gen-gen, gent-gent, gen-gent
ière-pri, ières-pri, ièr-pri, ier-pri
tur-fu, turfu, tur-fu', turf', tur-f'
beuh-beuh, beubeuh, beu-beuh, beubeu, beu-beu
cab'
cainf', kainf, cainf, kainf', cain-f', kainfr, kainfr', kainfs, cain-fr
canap'
gues-shla, gue-shla, geu-shla, gue-schla, geushla, gue-shlas, gueshlas, geu-chla
mé-fu, mer-fu, méfu, mer-fu'
rari, 'rrari, rrari', rari', 'rari
ripoux, ripou, ripous, ri-pou
scret-di, screts-di, scredi, scret-dis, scré-di, scrédi, 'scret-di'
tié-pi, tié'pi, tièpe, tiépis, tiepi
che-ri, che-ri', che-ris
ien-ien, ient-ient, ien-iens, iens-iens, ien-ients, 'ients-ients, ient-ients, 'ients-'ients, 'ient-'ient, 'iens-'iens
nnais-co, nnait-co, nnaît-co, nais-co, nnaissent-co, nnait-do, naiss-co, naissent-co
pav', pavs, pav's
pétage, pétages
push, pushait, pushes, pushe, pushent
crave-bi, craves-bi, crav-bi
de-wee, dewee, de-we
diss, diss', disseuse, dissed, dissé, m'dissais, disse
garette, 'garette, garettes, 'garettes, garet', garett', garette'
glocké, glockés, glockées
briganté
çon-cale, çon-cal, çons-cal, çons-cale, con-cale, sson-cal
ingé, ingé', ingés
nne-bo, ne-bo, nne-bo', nnes-bo
roc-ma
dep', deps, deps'
koufar, koufars, kouffar, kouffars, kouf', koufahr, kouffar's
loss-bo, losse-bo, losses-bo, lossbo, 'losse-bo', losse-bar, loss-bar, loss-bards, lossbar
sbah, sbahs
seille-mar
sère, 'sère
chichon, chichons
sextape, sextapes
tard-mi, tar-mi
tarpin
zarbi, zarre-bi, zar-bi, zarres-bi, zarbis
ze-trei, ze-tre, ze-tré, zetrei, zeutrei, zeutré
bulletproof, bullet-proof
camtar, camtars, camtar', camtard, cametards
grosso, grossos
iens, 'ients, ients', ien', ient, ienc'
marlich, marlish
te-teille, té-teille, tei-teille, téteille, 'te-'teille, te-teilles, téteilles, teteilles, 'tei-teille, 'teille-'teille, 'teilles-teilles, teille-teille, tei-teilles, teiteille
cette-su, cette-çu, cettes-su
chienneté, chiennetée
hoodie, hoodies
javons, javon, javaune, jave
main-de
mes-ri, mes-ri', mé-ri, me-ri, me-ris, mer-ri
nigga, niggas, niggazs, niggaz', nigga', nigga's, niggah, niggus, nigguz
pavtars, pav'tar, pavtar, pavtards, pav'tars, pav-tars, pavtard, pavtar'
sse-pa, sser-pa, ssé-pa, sser-par, sses-pa, sses-pas
sses-fe, sseufés, seufé, sses-fé, seuh-fe, 'sses-fe', sses-fè, ssefé
sson-boi, ssons-boi
terre-par, terre-pa, terre-pa'
touze-par, touzepar
breuch, bre-ch', breuch', bre-ch
hachek, hacheck, hachek', hacheks
kiffeurs, kiffeur
puche-ca, puchka, puche-ca', puch-ca
quille-tran, kiltran, quiltran
beuz, beuz', beuze, beuzeuh, beuhzer, beuzé
biffler, biffle, biffles, bifflé, biffleur, bifflage
che-frai, che-fraî, chefrai, che-fré
dit-ban, di-ban, dits-ban
lacrymo, lacrymo', lacrimo, lacrimo'
llion-mi, llions-mi, llion-mis
ne-jau, nejau
ronne-da, ronnes-da, rone-da
sneakers, sneaker, sneaks, sneak
timiniks, timinics, timiniquer, timnik, timinick, timinike, timininiks
tin-ma, tinmar, tins-ma
zboub, zboubs, zboubes, zboub'
couiller, couillent
déf', def', déf
gé-bou, gébou, ger-bou, gé'bou
qué-cho, quée-cho, quécho, quecho
ze-bla, zeubla, zebla
cred, cred'
fé-ca, féca
so-per, soper, sos-per
ke-shne, ke-schne, ke-shné, keu-schne, ke-shne', ke-shnè, keuchnés, keush-né, keschne, cke-shne', cke-shne
mé-fer, mée-fer, mer-fer, me-fer, més-fer
pakis, paki', paki
stard-co, stards-co, starco
te-por, te-por', tes-por, tepor
tier-qu', tiequs, tier-qu's, tiecko, tiequ's, tie-qu, 'tie-qu, 'tie-qu', tièqu's, tiekos
ce-fa, ce-fa'
choune, choun', chounes, chouna, chouné
llé-gri, llée-gri, llés-gri, llées-gri, illé-gri, illé-gri', ille-gri, iller-gri, illé-gri, illé-gri'
me-seu, me-se
ne-chiè, nne-chie, ne-chie, ne-chié, ne-chien, nne-chiè, nnes-chie
que-ban, que-ban', ques-ban
ffé-ki, ffer-ki, ffe-ki
metek, metek'
car-pla, carpla, cards-pla, ‚cards-pla', card-pla
certs-con, cert-con, 'cert-con', cer-con
ffe-spli, fe-spli, feu-spli, ff-spli, ffeu-spli, ffeuspli
niaxe, niaxous, niaxant, niaxer, niaksage, niakson, niaksons, niaksou, niaxent, niaxon, niaxou, niaksonne, niakser, niaksent
ques-chè, que-che, que-chè, que-ché, que-ch'
reuch, reuch', re-ch'
sque-d', sque-d, squeud, squed', squeud', squeuds, squed, skeud, skeuds, skeud', skeu, ckeud, sceuds
té-fri, té-fri', teffri, téfri, tter-fri, tté-fri, ter-fri, tte-fri
hacker, hacké, hackeurs, hackés, hackent, hackes, hack
shnouf, shnouff, shnoufs, ff-schnou, feu-shnou, ff-shnou, ffe-schnou
ssion-pre, ssion-pré, ssions-pre, ssions-pré, sion-pre, sion-pré
stremon, stre-mon, stres-mon
taspèche, taspèch', tassepèche, tasse-pêches, tasspèch', tasspèche, tasspèches, tasspèchs, tassepèches, tassepêche, tasses-pêches, tasse-peche
testos, testos', testoss
ne-jeu, nejeu, nes-jeu
que-sa, ce-sa, keussa, keu-sa, ceu-sa
rents-p, rents-p', renp', rent-p, rent-p's, ren-p'
te-schmi, teu-schmi, te-shmi, te-schmis, teush-mi, teushmi, teuch-mé, tesh-mi
be-jam, bes-jam, be-jan, 'bes-jam', besjam
tain-pu, tains-pu, tainpu
tchatcheur, tchatcheurs, tchatcheuses
dékis, dékiss, dékiz, dekiss, dès-kis, sdés-ki, sdés-kis
fle-gi, fle-gi', fle-gis, ffle-gi, flé-gi, ffles-gi
beugeu, beugeuh, beuhgeu, beuhgueu, beugueu, beuh-geu, beu-geuh
enjaille, enjailler, enjaillent, enjailles, enjaillé, enjailley, enjaillait
relooker, relookés, relooké, relooke, relookées, relooking, relookings
breakent, breakait, breakais, breaké, breaker, breakeur
tche-bi, che-bi, tches-bi, ches-bi, cheu, cheu', cheub, iatch-bi, iatchs-bi
tres-traî, tres-trai, tre-traî, tre-trai
shnicaves, schnicave, schnikav, shnicav, shnikav, schnikaveurs, chnicave
zonzon, zon-zon, 'zon-'zon, son-son
blog, blogs, blogueurs, bloggeur, blogueuse, blogueuses, bloggeuse
gamers, gameurs, gameuses, game'zer, game-zer, game
weed, weedo, weed', wee-weed, weedz
tech', tech