poto, potos, poto'
meuf, meufs, meuf', meufes, meufs'
keufs, keuf, keuf', keu-fli, keuffs, keufs', coeff', keufli
biff, biff', biffe, biffs, biffes
tess, tess', tec', tèce, té-c', tèss, téc', tèc', téce, tesse, tèces, te-c', téss', 'té-c', tés-c', té-c, tece, té-c's, té'ç, téc, tè-c, tè-ce, te-c, téss, tesse', 'té-c
zik, 'sique, zic, 'zique, zik', zique, zic', ziks, 'zik, 'siques, 'zic, sique, 'ziques, zique', ziq, ziques, sique', zick', zig'
pe-ra, peura, peu-ra, pé-ra, pera, péra, pper-ra, per-ra, ppe-ra, ppé-ra, peras, 'peu-ra', pe-ra', peur-ras, per-ra', 'pé-ra', pé-rra
ken, ken', quer-n', quèn', quen', 'ken, que-n', quén', quèn, quène, kène, 'ken', kén, que-n, quen, 'quer-n', què-n, qué-n', kéne, què-n'
tass', tass, 'tasses, 'tasse, tasses, 'tass, tasse'
mif, mif', miff, miff', mifs, 'mif', miffs, mi-f', mi-f
renoi, renois, re-noi, re-nois, res-noi, renoi', renoie, renoirs, res-noir
reufs, reuf, reuf', reuf's, reufs', reu-f'
re-frè, refré, re-fré, res-frè, refrés, reufrés, re-frés, reufré, refrè, refrès, reu-fré, re-frès, res-fré, reufrès, reufrè, reu-frés, re-fre, refre, reuf-rés, reu-frè, re-frê, refres, res-frès, reufrée
fonce-dé, foncedé, fonsdé, fons-dé, foncdé, fonc-dé, fonces-dé, foncedés, fonceder, fonsdés, fonce-dés, fonce-der, fonce-dé', fonsdée, fonc'dé, fonc'-dé, foncder, fonsdé', fonse-dé, foncer-dé, fonss-dé, fonce-dée, fonce-dées, foncé-dé, foncédés, foncées-dé, fonce-deh, fons-de, fonsder, fonc-dés, fon-ce-der, fon-ce-dé, fon-ce-dés
téma, té-ma, tema, te-ma, ter-ma, té-ma', tez-ma, tté-ma, tter-ma, 'té-ma', téma', te-mat, tte-ma, té'ma
déter', déter, détèr', deter', déters, détère, détér', dé-ter, détér, détèr, détères, détėr', detér'
vesqui, ves-qui, v'-esqui, veski, vé-squi, ve-squi, ver-squi, ve-esqui, vesqui', vés-qui, ves-ki, v'-squi, ves'-qui, ves'qui, ves-esqui, ves-qui', ves-squi, vesquis, v'-esqui', v'-ésqui, vès-qui, ve-esqui', veski'
ap, ap', as-p, aps, 'as-p', 'ap, a-p, as-p', 'ap', ap-s, 'a-p, 'aps'
rebeu, rebeus, rebeux, reubeus, reubeu, re-beu, rebeu', re-beus, rebeuz, reubeux, reu-beu
cons'
tieks, tiek, tiek's, tiek', tieks', tieqs, tièks, tiéks, tiecks, tier-q', tièk, tieq's, tiék, tiec's, tier-c, tierq, tiék's, tièq, tiècs
tit-pe, tits-pe, ti-peu, ti-pe, tipeu, tit-peu, tits-peu, tipeus, tipeux, 'tits-pe', titepe, tis-peu, tite-pe, tit-pe', tits-pe', tis-pe, ti-peus, tites-pe, 'tit-pe'
ouf, oufs, ouf', ou-f
'sky, sky'
ients-cli, ient-cli, ien-cli, ienclis, iencli, yenclis, ien-clis, ients-ients, iens-cli, ien-clits, ienclits, ients-clis, ienclards, ient-clis, ien-clit, ienclar, ien-clar, yenclar, ientscli, ientes-cli, ienclie, 'ient-cli', ienclard, iens-clar, ients-clar', yenclars
concu', concu, conqu, conqu'
tier-quar, tiers-quar, tié-quar, tierquar, tier-car, tiekar, tier-quar', tiécar, tier-qua, tiéquar, tie-quar, tié-kar, tiékar, tié-quart, tiers-quart, tiékars, tiekcar, tiecar, tier'qua, tiequar, tier-quars, tiers-qua, 'tier-quar', tiécard, tiécars, tiè-quar
scred, scred', 'scred', screds, scréd, scre-d, 'scred, 'scrète, scret
tasse-pé, tasses-pé, tass-pé, taspé, tasspé, taspés, tasspés, tas-pé, tassepé, tassepés, tass-pés, 'tasses-pé', tasse-pé', tasse-pe, tasse-pés, tass-pé', tass-pées, 'tasses-pé
zeb, zeub, zebi, zeubi, zeb', zeubs, zeub', zebs, zéb'
oim, oi-m, oim', ois-m, oims, oi-ms, oims', 'oim
chelou, chelous, che-lou, ches-lou, cheloues, cheloue, 'che-lou', chelou', ches-lou', cheloument
'teille, 'teilles, teilles', teil', teill', teill, 'teil
gamos, gamoss, gamosse, gamosses
boloss, bolosses, bolosse, bolosser, bolossé, bolos', boloss', bolossent
deuspi, de-spee, despi, de-spi, despee, deu-spi, deu-spee, deus-pi, de-spee', deuspi', deusspi, deuss-pi
soss, soces, soss', soc', ssoc', ssos', 'soce, 'soces, soc's, 'ssoc, 'ssoce, 'ssos
pécho, per-cho, pé-cho, pecho, pper-cho, pe-cho, péchos, per-cho', pper-cho', pé-cho'
couz, couz', cous', couzs
rain-té, rrain-té, rrain-te, rainté, rain-ter, rain-te, rinté, rrains-te, rainter, raintés, rrains-té, rrainté, rains-té, rain-tés, rain-t, rintés
àl, à-l, al', àl', 'à-l', 'àl', à-l'
vi-ser, vis-ser, vi-sser, vissère, visser', vi-cer, vi-ser', vi-sère, vi-sèr, vi-sèr', vi-sér, vi'-ser, visère, vies-ser, visére, vi-scer, vi-sere, vi-sére
seufs, seuf, sseufs, sses-f', seuf', sse-fe, sseuf, sseuf', seuff, sse-f', seuffs, seufs', ssef, sseufs', seuf's, 'sseuf, sse-fés, sse-f, sse-fes, sse-fé
paro, paro'
té-ci, téci, tés-ci, 'té-ci', teci, té-ci', técis, te-ci, té-cies, téçi, te-si
brolique, brolic, brolik, broliques, brolics, brolick, brelic, broliks, breliques, brelik, brolicks, brelique, brelics, brolic', brelic', bre-lic, brelick, lik-bro, bre-li-ca
instru, instrus, instru', instrus'
zin, zins, 'zin, zin', 'sin, zinz, zinz', zin's, zins', 'zins
te-tê, te-té, teté, teuté, tetê, tetés, te-tés, teu-tê, teu-té, teu-tés, te-tês, teus-tê, teutés
stud', studs'
diff', dif'
'blèmes, blème, 'blème, blèmes, blems, blem, blem', blemes, 'blême, 'blêmes, blèmes', 'blemes, blèm, 'blems, 'blèm, 'blem, 'bleme
du-per, duper, dus-per, du-per', due-per, 'du-per', dus-per', du-perd, duper'
tain-p', tainp, tainp', timp', timp, timpes, timps, tainps, tains-p', tain-p, timpe, taimp', taimp, tains-p, 'tains-p', tainpes, tinp, tinp', 'tainp, tainpe, timps', tain-p's, tain-ps, tains', tainsp', taimpe, timp's, tinpes, tinps, tin-p'
merco, merco', mercos, merco-benz, merco-benzo
bé-tom, ber-tom, bé-ton, be-tom, bétom, bés-tom, ber-ton, 'ber-tom', bes-tom, bé-tom', bé-tonm, be-ton, ber-tom', 'bés-tom', bée-tom
skeud, skeuds, skeud', sque-d, squeud, squed', squeuds, squeud', squed, skeu, ckeud, sceuds
tard-pé, tarpé, tar-pé, tarpés, tards-pé, tar-pés, tard-pé', 'tard-pé', tard-p'
kil', kils, kils', kil's
tel-hô, tel-ho, télo, tels-hô, telho, tels-ho, tél-hô, tel-ho', tel-ô, télho
cess, cess', 'cess
babtou, babtous, babtoues, bab-tou
peufra, ppe-fra, pe-fra, peu-fra, pefra, pé-fra, peuffra, pe-ffra, ppé-fra, pper-fra, 'ppe-fra', per-fra
ter-ter, terter, terre-terre, ter-ters, ter-terre, tèr-tèr, terters
inspi, inspi'
te-shi, teu-shi, teushi, teuchi, t-shi, te-chi, teshi, teu-chi, teu-schi, ti-shi
peuf, ppe-f', peuf', peufs, peuff, ppe-f
bre-som, bresom, bressom, bres-som, breussom, bre-soms, bre-son, bre-ssom, bressoms
cro-mi, cromi, 'cro-mi', cros-mi, cro-mi', cromis, cro-im
indé, indé', indés
bat', bâts', bât'
sère-mi, zermi, zer-mi, zère-mi, sèr-mi, sères-mi, sere-mi, 'sère-mi, 'sère-mi', sèremi, zèr-mi
cain-ri, cainri, cainris, cains-ri, cain-ris, cains-'ri, cain-'ri, cainry, cain'-'ri, cainrys
zinc, zinc', zincs, sin-c', zincs', zin-c', zinc's, 'zinc, zink', sin-c
té-cô, té-co, téco, te-cô, técô, té-côt, te-co, técos, tée-co
uc, uc', ul-c, 'uc, uls-c, u-c, uc's, ucs, ul-c', ulc, uls-c', ul'c, uc-l, u-c', u'c
perquis', perquise, perquises, perquis, perquiz', perquise', perquiz, perquize, perquisent, perquiser, perquisait
gent-ar, gen-ar, gen-art, gents-ar, gent-ar'
seille-o, zeillo, seill-o, zeille-o, seil-o, seillo, zei-llo, seille-o', seilleo, seileos, 'seille-o, 'seillo, zeil-o, zeill-o, zeilo
tej, tèj, tej', téj, té-je, tè-je, tèje, te-je, tèjent, te-j, 'tej, te-jè, te-jé, teuj, ter-j, ter-je, tè-j, tte-je
véner, vénèr, vener, vénèr', véner', vé-ner, vénér', véners, vener', veners, vénèrs, vé-'ner, vé-nère, 'vé-ner', 'vée-ner', 'vés-ner', vénére, vénerre, vénerer, ve-ner, vènére, vé-ner', vé-nere, vé-nér, 'vées-ner'
aç, ac', a-ç, aç', 'à-ç', 'a-ç', àç', a-ç'
lope-sa, lossa, lopes-sa, lossas, losa, lopsa, lo-sa, lops-sa, los-sa, losas, lope-sas, loppes-sa, lopesa, lopsale, 'lopes-sa', lo-ssa, lopes-s
gova, govas, go-va, gos-va
opé, opé', opés
pe-pom, pé-pom, per-pom, pes-pom, pépom, pepom, peu-pom, pe-pon, pe-poms, pepoms, peupom, 'pé-pom'
gardav', garde-à-v', gardav, gard'av, gardes-à-v', garde-av, garde-av', garde-à-v, gardave, gard'à'v, gard'à-v', gard-a-v', gard-av, gardav's
cheum, cheums, cheum', cheums', 'cheum'
gue-dro, guedro, gues-dro, guer-dro, gue-dros, gue'dro, gue-dro'
beur, beurs, beu-r, beure, beur'
tout-par, tou-par, tout-part, tout-par', toutpar, toupar
de-mer, demer, de-mer', 'de-mer'
dar, dar', dars
oinj, oinj', oint-j, oinjs, oin-j, oints-j, oin-je, oin'-j, oinj-t, oinje, oinjes, oinjt
veau-cer, veaux-cer, veaucer, veaucers, vau-cer, veaux-cer'
mille-fa, mifa, mi-fa, miffa, millefa, mille-af, mifa', mille'fa, mille-a-f
relou, relous, re-lou, relou', res-lou
comico, comico', comicos
teuf, teufs, te-fê, teuf', te-fé, teuff
te-traî, te-trai, tes-traî, tes-trai, te-trais, teutraî, tetrai, tetrais, tetré, teutrai, teutraîs, teutrés, teu-traî, teu-tré, teu-trés
llets-bi, llet-bi, illet-bi, illets-bi, lliets-bi, illetbi, ietts-b', illet-bs, illets-b, lletbi, llets-b', lletts-bi, lliet-bi
ieps, iep, ieds-p, ied-p, iep', ièp, ieds-p', iepds, 'iep, ie-p, ied-p', ieu-p, 'ieds-p', iep-ds, ieps', 'ied-p', iepd, ieup, 'ieps, ièps, iép, iép', ieupé
michto, michtos, michto', micheto'
roro, ro-ro, roros, roro', ro-ros
caille-ra, cailles-ra, caille-ras, 'cailles-ra'
capuché, capuchés, capuchée
me-ar, mes-ar, mé-ar, me-ars, mée-l'ar, mée-ar, me-arm, mes-ar'
rotte-ca, rottes-ca, rot-ca, rote-ca, rotca, rottes-cas, rottent-ca, rot-ka, rotte-ca', rotte-cas, rotteca, rrote-ca, 'rottes-ca'
son-pri, zon-pri, sonpri, zonpri, son-pri', sons-pri
ness-bi, nessbi, nesbi, ness-bui, snes-b, zness-bi, nes-bi, ness-biz, 'ness-bui', sness-bi, ness-bi', ness-bis, ness-buis, ness-buis', ness-b, 'ness-bu, sness-bui
auch, aud-ch, auch', auch's, 'auch, 'aud-ch', 'auds-ch', aud-ch', aude-ch
féfé, fefe, féfés, féfé', fé-fé, fefe', 'féfé', fée-fée
ue-r, ur, ur', ur-e, ue-r', u-re, ues-r, u-r, 'ue-r'
blèmes-pro, blème-pro, blem-pro, blem-pros, bleme-pro, blême-pro, blème-pro', blémes-pro, blèmpros, blèmes-pro', blèmepros, blèmepro, blèm-pros, blèm-pro, 'blèmes-pro', blemes-pro, blempros, blems-pro, bèmes-pro
braquo, braquos, bracos, braquo', brako, braco', braquot, bracko
ce-vi, ces-vi, ce-vis, ces-vis, 'ces-vi', ceu-vi, ce-vi'
popo, popo', popos
rdv
stup, stups', stup's
keus, keuss, keuss', keus', keusse, que-s, keusses, ke-se
be-her, beu-her, beuher, beuhair, beuh-er, beuh-r, beuhère, beuhèr, beuh-her, beu-ère, beu'her, be-heu
insta, insta'
gole-ri, golri, goleri, golent-ri, 'gole-ri', goler-ri, goles-ri, golerie, gol'ri, go-lri
tech', tech
cer-su, cé-su, césu, ce-su, cer-us', cer-u-s, cer-us, cer-su', ces-su, cé-us, cé-us', çais-su
mé-cra, mekra, mécra, més-cra, mée-cra, mées-cra, me-cra, mé-crâ, mé-cras, mecra
fe-meu, feumeu, feu-meu, femeu, feu-me, femeus, fe-me, feu-meus, fe-meus, fe-mmeu, f-meu, feu-mes, feu-mme, feu-mmes
tox', toxs, toxo, toxs', tox's, toxos, toxes
ler-par, lé-par, le-par, 'ler-par', lépar, lerpar, 'lé-par', lez-par, lé-parle
fouf, fouffe, foufs, fouf', foufes, foufe
pé-ta, per-ta, pe-ta, pé-ta', ppé-ta
gé-char, ger-char, gée-char, gées-char, gée-char', ge-char, ger-char'
tho-my, thos-my, tho-mi, thomy, thos-my', thos-mi
rents-pa, ren-pa, rent-pas, rentspas, renpa, ren-pas
réput', réput, réput's, réputs
teubé, te-bê, teubés, teu-bé, teu-bés, teu-bê, tebé, tes-bê, teubée, te-bés, te-bé, teubè, teubê, te-bè, te-bês, teu-be, teus-bé, tebê, tes-bés, tes-bê'
you-voi, youvois, yous-voi, youvoi, yous-voy, you-voy, you-vois, yous-vo, youx-voi, you-vo, yous-vo', youvoie
gov', govs, gov's
ous-s, ouss, ous', ouss', 'ous, ou-s, ou-sses
she-ca, ché-ca, cher-ca, cher-cher, chée-ca, che-ca, sheca, chées-ca, chés-ca, chéca, checa, 'she-ca'
vils-ci, vil-ci, vile-ci, viles-ci, vilci, ville-zi, vilssie, vilcis, vil-cies, vil-cis
lambo, lambo', lamb', lambos
teuch, teush, teuch', teuchs, te-sh', te-sh, teu-ch, teu-ch', teu-sh', teush', teu-ish, t-sh', te-ch
transac', transac, transacs, transacs'
proc', proc's
gratos
rates-pi, rate-pi, ratp, ratpis, ratpi, rat-pi, rat'pis, ratepi, ratepis
té-mon, ter-mon, te-mon, témon, tée-mon, tées-mon, 'té-mon', ter-mon', tez-mon
ner-tour, né-tour, ne-tour, nétour, née-tour, ner-tou, netour, nées-tour, nés-tour
paki, pakis, paki'
askip, askip', aski', aski
keum, keums, keum', que-mè, que-mé'
pers'
ceau-mor, ceaux-mor, ceaumor, 'ceaux-mor', ço-mor, ceau-more, ceau-mors
reum, reums, reum'
pote-ca, potes-ca, pote-k, potte-ca, pottes-ca, poteca, potecas, 'potes-ca'
rée-soi, rées-soi, ré-soi, ré-ssoi, rée-ssoi, réesoi, réessoi
broliqué, broliqués, broliker, broliquée, breliké, broliké, broliquer, breliqué, brolické, brolike, breliquées
beurette, beurettes
cassos, cassos', k-sos, cas-soc', cas-soces, cas-sos, cas-sos', cas-soss, cas-soc, cassoc', cassoces, k-soss, cas'soc, cas-soce
ris-pa, ri-pa, ripa, ris-pa'
teub, teubs, teub', te-ub, teube, teubs'
frelo, frelos, frelots, frell, frell', frel', frells, frel, frele, frelo', frello
tiep, tiep', tièp, tié-p', tièp', tiép, tiép', tié-p, 'tié-p', 'tiep', tier-p', tie-p, tie-p'
yeuks, yeuk, yeuc, yeuc', yeucs, illes-c', ieucs', lleuc', illes-c, yeucs', ille-c, 'illes-c', yeuks', 'yeuks, lleucs
tisse-mé, tissmé, tisses-mé, tismé, tiss-mé, tissmés, tismés, 'tisse-mé', tismé's, tismée, 'tisses-mé'
tél', tel', tèl'
sonne-per, sonneper, sonne-pèr'
ie-v, iv', i-ve, ies-v, i-v, iv-e, ie-v', i-ves, iv's
sé-po, ser-po, se-po, sé-po', ser-po'
veuchs, veuch', veuch, veux-che, veux-ch', veuches, veux-ch, veux-cheu'
postiché, postichés, postichée, postichent
ré-ti, rer-ti, re-ti, réti, 'ré-ti', reti, rent-ti
illes-cou, ille-cou, yeu-cou, lles-coui, yeucou, yeukou, yeucous, lles-c', illeus-cou, 'ille-cou', ieu-cou, illes-cou', illeu-cou, yeukous, yeu-kou, ieucous, lle-cou, lle-cou', lle-coui, lles-cou, lles-iouc
sin-cou, zincou, zin-cou, zincous, zins-cou, zine-cou, zinkou, sin-cous, ssin-cou, 'sin-cou'
re-pu, repu
youv, youv', youvs, yous-v', youves, yous-v, youves', you-v'
killu', killu, killus, kilu, killus', kilou, kilu'
scarlas, scarla, scar-las, scar'la, scarlats, skarla, skarlas, 'scard-la', 'scards-la'
gro-né, gros-né, groné, gro-ne, gronés
crom', crom, cro-m, cro'm, 'crom'
phone-tel, phone-tél', phone-tél, phonetel, phone-tel', phones-tel, phones-tél', phonetel'
pochtar, pochtars, pochetards, pochtards, pochtard, pochetars, pochetar, pochetard, poch'tard, poch-tar, pocht'ar, pochtar'
fonscar, fonskar, fonscars, foncecar, fons-car, fonse-car, fonsscar, fonscard, fonce-car
champ', champ's
cool-al, col-al, cools-al, cool-al', coolal
soir-ce
cé-per, ce-per, céper, cé-per', céper', cé-pèr, cépèr, 'cer-per', cerper
occas', occaz', occaz, occas
re-sta, reusta, reu-sta, reustas, 're-sta', re-star, rreu-sta, 'rre-sta', reus-ta
mythonne, mythonnent, mythonner, mythonnes, mythone, mythonné, mythones, mythoner, mythonais, mythonnez, mytonne
ter-sau, té-sau, te-sau, ter-saut, tésau, tersau
tofs, tof, tof', toph'
ke-cra, qué-cra, cke-cra, quer-cra, que-cra, quecra
técla, té-cla, te-cla, técla', té-cla'
card-pla, car-pla, carpla, cards-pla
compet', compet, compèt, compéts', compets, compét, compéts, compèts
baqueux, baceux, bacqueux, backeux, baceu, baqueu, bacqeux, backeus, bacs-euh, baqeu, baqeux
ché-cra, cher-cra, chécra, che-cra, 'ché-cra'
son-mai, zonmé, zonmai, sons-mai, sonmai
tiekson, tiek-son, tieksons, tiek'son, tieckson, tiequson
charbonneur, charbonneurs, charboneur, charbonheur
cistes-ra, ciste-ra, cist-ra, ciste-ras, 'cistes-ra', cisteras
tter-gra, té-gra, tté-gra, tte-gra, te-gra, tégra, ter-gra, ter-grat, 'tter-gra'
te-boî, te-boi, tes-boî, teboi, teboî, teu-boî, 'te-boî', ter-boî
cliquos, clicos, clicquot, clikos, cliquot, cliquose, clikoss
ble-ta, 'ble-ta', bles-ta, 'bles-ta', bleta
gé-chan, ger-chan, gée-chan
ton-car, toncar, tons-car, tonne-car, ton-cars, toncard, tonkar
çais-fran, cé-fran, céfran, çais-fran', cais-fran, 'çais-fran', çai-fran, cè-fran
mouv', mouv
meujs, meuj, meuge, meuges, meujes, meuj', meug, meu-g, meugs, meuje, me-je
faux-culs, faux-cul
matrixé, matrixés, matrixer, matrixée
los-ki, lo-ki, lo-kis, lokis, los-kil, loski, lokies
eins, eins-s, ein-s, eins', 'eins, einss, einsse
kisdés, kisdé, kissdé, kis-dé, kissdés, quisdés, kisder, kiss-dé, quisdé
bon-char, bonchar, bonne-char
re-mè, re-mé, reu-mé, reumé, reumè, reu-me, reu-mè, re-mès, re-mes
tards-bâ, tarba, tard-bâ, tar-ba, tarbas, tard-ba, tards-ba, tar-bâ, tard-bar, tardb-bâ, tarbâ
trav', trave', trav's, travs'
gué-lar, guer-lar, guélar, gue-lar, gué-lar', gués-lar, gué-lards
oigt-d, oid', oigts-d, oids, oigt, oidgts, oidts, oid-gt, oid-gts, oig-d, oidgt, oid's, oigt-de, oits-d
zipette, zippette, zipettes, zippete
lyriciste, lyricistes, lyricsiste, lyricisme, lyrisiste, lyricste
che-po, ches-po, chepo, che-pos, chepos
chant-mé, chanmé, chan-mé, chants-mé, 'chant-mé', chantmé, chan-més
amné', amné, amnés, amnez'
gue-din, guedin, gues-din, guedins, gue-din', geu-din
tte-cha, te-cha, teu-cha, teucha, te-chat, ttes-cha, tte-cha', ttes-chas, teuchas, teu-sha
lère-ga, lères-ga, ler-ga, lèrega, lere-ga
ce-for, cefor, cer-for, 'ce-for'
quette-pla, quettes-pla, quettes-pla', quette'pla, quet-pla
bpm
ien-ch, iench, iench', ien-ch', ienchs, iens-ch, 'ien-ch', 'iens-ch'
be-bar, bé-bar, bes-bar, 'be-bar', be-bare, besbar, beubar
rre-ve, rre-vè, rre-ves
quer-cro, qué-cro, quécro, que-cro, 'quer-cro', quecro
oi-t, oit'
sse-lia, sses-lia
mis-per, mi-per, miper
tate-pa, tates-pa, tatepa, tate-pa', tatpa
zonz, zonz', zonzs, zonze, 'zons, 'zonz', zon'
geush, geushs, geuch, geuchs, gue-sh', ge-sh', guesh, geuch', gueshs, geush', gues-sch', geu-sh, geushe, ge-sh, geusch, geuches
garette-ci, garettes-ci, garrette-ci, garrete-ci, garetteci, garette-cis
pocheton, pochton, pochtons, pochetonne, pochtonne, pochtonner, pochtonnée, pochetonner
me-da, meuda, meu-da, mes-da, me-da', me-das, me'-da', meuda', me-'da
opps
ter'
lice-po, 'lice-po', licepo
cab', cab
reuss, reus', reuss', reusses, reu-s, reusse'
trom', trom, tro-m
loc', locs, loc's
reup, reup', reu-p, reups, reu-p'
te-pu, tes-pu, tepu, teupu, te-pus, tepus, teu-pu
ienb, ien-b, ienb', ien-b', ienbs, i-enb
dalleux, daleux, daleu, dalleuses, dalleu, dalleur, dalleuse
casse-dédi, cace-dédi, cass-dédi, caces-dédi, cace-dedi, casse-dedi, cassedédi, cassedédié
teuteu, teu-teu, teuh-teuh, teuteu', teuteuh
balek, ballec, balec, ballec', balec', ballek, balek'
keumé, keumés, keu-mé, keu-més, keu-me, keumè
ti-par, tie-par, ti-par', 'ti-par'
dél', del', dél, dèl'
ve-ca, ves-ca, veca, ve-cas
tos-ma, tosma, tossma, toss-ma, tosse-ma
chard-clo, chards-clo, charclos, charclo, chard-clos, chard'clo, chard--clo, chard-clo', chards-clo', charclots
noich, noich', noichs, nois-ch', noi-chs, noi-ch
zeille, seille, 'zeille, seille', seil', 'seil, seille-', zeil', zeille', zeill', 'zeil
pine-co, pines-co, pine-cos, pinco, 'pine-co', 'pines-co'
cellophané, cellophanée, cellophanés, cellophaner, cellophanées, cellophanise
rre-gue, rre-gué, rregué, rre-guè, 'rre-gue'
ture-voi, tures-voi, turvoi, turevoi, turvois, ture-voir, tur-voi
rette-ba, rettes-ba, rrette-ba, rrettes-ba, rette-bar, retteba
ger-man, gé-man, german, ge-man
ler-dea, lers-dea, leur-dea, lerdea
pétou, pétous, petou, pétou'
beuj, beujs, beuj', beujs', beuje, beu-j, be-j, bej', 'bej
tro-mé, tromé, tro-me, trome
ze-dou, zedou, zedous, zeu-dou, zeudou
casse-ded, cass-ded, cace-déd, casse-déd, cace-ded, cace-dèd, casse-ded', casseded', cass-déd, 'caces-ded', cace'ded, casse-dèd, casse-dettes, casseded, cassedèd, cassedéd, cass'ded, caceded
re-soeu, re-sœu, re-seu, reu-seu, reusseu, re-soeus, reuseu, reu-sse, re-sœ, re-soe, reus-seu, res-soeu, reu-sœu
cher-lâ, ché-lâ, che-lâ, chéla, ches-lâ, cher-lâ', cher-là
cer-per, ceper, cer-pé
que-tru, ke-tru, ques-tru, c-tru, ce-tru, cs-tru, keu-tru, keu-trus, queu-trus, ck-tru, ques-tru'
'quette, quette, quette', 'quettes, quett', quet'
reur-ti, reurs-ti, reurti, reurtis, reur-tis
sque-di, sques-di, skeudi, skeudis, skeu-di, squeu-di, squeu-dis, sque-dis, squedi, skeus-dis
ssiste-gro, ssistes-gro, ssistes-gros, ssite-gro
parlu, parlu', parlus
qué-bra, quer-bra, que-bra, quebra, québra
mélo', mélos, mélos'
pec', pek, pecs'
num', nums
me-ca, mé-ca, mé-cas, me-came, mée-ca, mes-ca
ti-sor, tit-sor, tissor, 'ti-sor', ti-ssors, 'tir-sor', tie-sor
ness, 'sness, snes, zness, ness', 'sness', 'ness
cances-va, cance-va, 'cances-van', cances-van
da', da's
zoulettes, zoulette
teille-bou, teilles-bou, teile-bou, teillbou, teille-bou', teille-bous, teille'bou, teilles-bou'
dass, dass', 'dass', 'das
déf', def', déf
lance-ba, lances-ba, 'lances-ba'
jet-pro, jets-pro, jetpro, jets-pro'
tron-pa, trons-pa, tronpa
me-sper, mesper, me-sper', me'spèr
pit', pitt', pits'
dique-sa, diques-sa, dique-sa', 'dique-sa'
ce-fran, cefran, ceu-fran
cain-fri, cainfri, cainfris, kainfri, cains-fri, cainfry, cain-fri', cain-fry, cainfri', kainfre
quer-ni, qué-ni, kéni, ké-ni, quer-ni', 'quer-ni', ke-ni
ffe-bi, fe-bi, feu-bi, ff-bi, fe-bi'
té-fri, téfri, teffri, ter-fri, té-fri', tter-fri, tté-fri, tte-fri
ne-zo, nezo
perpet', perpette, perpèt, perpét
ché-mar, cher-mar, che-mar, chémar, ches-mar
OKLM
ter-chan, té-chan, te-chan, ter-chant
deps, dep', deps'
beu, beu', beuhs, beuh'
ffaires-a, ffaire-sa, ffaire-za, ffaires-as
pe-sa, ppes-sa, ppe-sa, ppé-sa
condi', condi, condis'
michtonneuses, michtonneuse, michetonneuses, michtoneuse, michtoneuses, michetonneuse
ce-pla, cé-pla, cepla, cée-pla
iech, ier-ch, iéch, ièch, iech', ier-ch', 'ier-ch', ieche, ie-ch, ie'-ch, iè-ch, ièche
fe-keu, feu-keu, feukeus, feukeu, feu-keus, feu-ke, fe-keus, feuk, feuks
sique-mu, zic-mu, zicmu, zik-mu, sic-mu, zikmu, zique-mu
bre-cham, bre-chan, bré-chan, brer-cham, bré-cham, bres-cham
mi-dor, midor, mis-dor
tur-fu, turfu, turf', tur-fu'
tié-pi, tié'pi, tièpe, tiépis, tiepi
pe-cli, peu-cli, peucli, pe-clis, pecli, peuclis, peus-cli
bum-al, bums-al, bum-al', bum-als, bumal
trix-ma
cello'
qué-blo, québlo, quer-blo, keblo, qués-blo, queblo, que-blo
chaudasse, chaudasses, chaudace
le-sa, lesa
kalashé, kalashés, kalashée
'caille, 'cailles, caill', caille', caill
cendar, cendars, cendard, cendar', cendards
deks, dek, dek', deks', dek's
rect-di, rectdi, rects-di, recdit
touches-car, touche-car, touchescar, touchkar, touchecars
gare-ci, gares-ci, gar-ci, gareci, gar-cis
benzo, benza, benzo', benzos, benzer
ons, ons-s, onss
inarrêtable, inarrêtables, inarretables, innarretable, innarêtable
loux-ja, lou-ja
mé-fu, mer-fu, méfu, mer-fu'
nnais-co, nnait-co, nnaît-co, nais-co, nnaissent-co, nnait-do, naiss-co
dit-ban, dits-ban, di-ban
deuss, deuss', deus', deusse
pe-stu, pestu, pe-stus
garre-ba, garres-ba, gar-ba, gare-ba, garba, gares-ba
del-bor, dél-bor
soum-soum, soumsoum, soum'soum'
ché-tou, cher-tou, che-tou
mi-homme, mi-hommes
cimer, ci-mer
briganté, brigantés
le-gueu, le-geu, legueu, 'le-gueu', le-gue
ché-per, chéper, cher-per, chépèr, chépère, che-per, ché-per', chés-per
ste-po, stepo
feuj, feujs, feuj', feu-jui
canap'
che-bou, chebou, ches-bou
yeuf, yeufs, ille-f, ille-fi, ill-euf, ill-eufs, illes-f', yeu-f', ieuf', lleufi
nois-chi, noi-chi, noichi, noichis, noi'chi, noi-chis, noise-chi
scret-di, screts-di, scredi, scré-di, scrédi, scret-dis, 'scret-di'
siste-gro, siste-gros, sistes-gro, sistes-gros, sisste-gro, sisstes-gro, sisstgro
ière-pri, ières-pri, ièr-pri, ier-pri
ien-ien, ient-ient, ien-iens, iens-iens, ien-ients, 'ients-ients, ient-ients, 'ients-'ients, 'ient-'ient, 'iens-'iens
ingé, ingé', ingés
chichon, chichons
llé-gri, illé-gri, llée-gri, llés-gri, ille-gri, llées-gri, illé-gri', iller-gri
blanco, blancos
semi-auto, semi-auto', semi-autos
ché-cher, che-cher, cher-cher', chés-cher, chécher', ché-chèr
seul-tout, seuls-tous, seuls-tout, seule-tout, seule-toute
ge-gor, gé-gor, gegor
ripoux, ripou, ripous, ri-pou
roc-ma
seille-mar
uer-t, uet, ue-t, uer't, uet'
che-ri, che-ri'
pétage, pétages
de-wee, dewee
me-gra, mme-gra, meu-gra, me-gras, meugra, meugras, mme-gras
keblack, kebla, ck-bla, ke-bla, keu-bla, ckes-bla
ge-ra, ges-ra
cainf', kainf, cainf, cain-f', kainfr, kainfr', kainfs, kainf', cain-fr
pav', pavs, pav's
çon-cale, çon-cal, çons-cal, çons-cale, con-cale, sson-cal
loss-bo, losse-bo, losses-bo, losse-bar, lossbo, 'losse-bo', loss-bar, loss-bards, lossbar
tard-mi, tar-mi
gue-shla, gues-shla, geu-shla, gue-schla, geushla, gue-shlas, gueshlas, geu-chla
rari, 'rari, 'rrari, rrari', rari'
sse-pa, sser-pa, ssé-pa, sser-par, sses-pa, sses-pas
kiffeurs, kiffeur
zarbi, zarre-bi, zar-bi, zarres-bi, zarbis
main-de
stard-co, stards-co, starco
gestu', gestu
camtar, camtars, camtar', camtard, cametards
chienneté, chiennetée
terre-par, terre-pa, terre-pa'
biffler, biffle, biffles, bifflé, biffleur, bifflage
de-mon, des-mon
be-bom, be-boms, bebom, beboms, 'bes-bom', bé-bom
grosso, grossos
te-teille, tei-teille, té-teille, téteille, 'te-'teille, te-teilles, téteilles, teteilles, 'tei-teille, 'teille-'teille, 'teilles-teilles, teille-teille, tei-teilles, teiteille
javons, javon, javaune
puche-ca, puchka, puche-ca', puch-ca
ke-shne, ke-schne, ke-shné, keu-schne, keschne, ke-shne', ke-shnè, keuchnés, keush-né, cke-shne
camo, camo'
MDR
pav'tar, pavtar, pavtars, pavtards, pav'tars, pav-tars, pavtard
touze-par, touzepar
lacrymo, lacrymo', lacrimo, lacrimo'
ne-jau, nejau
fé-ca, féca
te-por, tes-por, te-por', tepor
ble-dia, ble-dias
ze-trei, zetrei, ze-tre, ze-tré, zeutrei, zeutré
cette-su, cette-çu, cettes-su
sses-fe, seufé, sseufés, 'sses-fe', sses-fé, seuh-fe, sses-fè, ssefé
quille-tran, kiltran
ronne-da, ronnes-da, rone-da
tin-ma, tinmar, tins-ma
couiller, couillent
gé-bou, ger-bou, gébou, gé'bou
ze-bla, zeubla, zebla
so-per, soper, sos-per
ne-jeu, nes-jeu, nejeu
cheu, iatch-bi, tche-bi, che-bi, tches-bi, cheu', cheub, iatchs-bi
gent-gent, gen-gen, gen-gent
breuch, bre-ch', breuch', bre-ch
qué-cho, quée-cho, quécho
que-ban, ques-ban, que-ban'
tre-traî, tre-trai, tres-traî, tres-trai
TP, T.P.
ser-dan, se-dan, sez-dan
sson-boi, ssons-boi
me-seu, me-se
fafa, fafa'
nne-bo, ne-bo, nne-bo', nnes-bo
llion-mi, llions-mi, llion-mis
ssion-pre, ssion-pré, ssions-pre, ssions-pré, sion-pre, sion-pré
fle-gi, ffle-gi, flé-gi, ffles-gi, fle-gi', fle-gis
ffe-ta, fe-ta, ffes-ta, ffer-ta
beuh-beuh, beubeuh, beu-beuh, beubeu, beu-beu
'garette, garette, garettes, 'garettes, garet', garett', garette'
glocké, glockés, glockées
'sère, sère
ques-chè, que-chè, que-che, que-ché, que-ch'
zonzon, zon-zon, 'zon-'zon, son-son
che-fraî, che-frai, chefrai, che-fré
mé-fer, mée-fer, mer-fer, me-fer, més-fer
ce-fa, ce-fa'
reuch, reuch', re-ch'
puterie, puteries
taspèche, taspèch', tassepèche, tasse-pêches, tasspèch', tasspèche, tasspèches, tasspèchs, tassepèches, tassepêche, tasses-pêches, tasse-peche
que-sa, ce-sa, keussa, keu-sa
beuz, beuz', beuze, beuzeuh, beuhzer, beuzé
ffe-spli, fe-spli, feu-spli, ff-spli, ffeu-spli, ffeuspli
tain-pu, tains-pu, tainpu
tier-qu's, tiequs, tier-qu', tiecko, tiequ's, tie-qu, 'tie-qu, 'tie-qu', tièqu's, tiekos
rents-p, rents-p', renp', rent-p, rent-p's, ren-p'
be-jam, bes-jam, be-jan, 'bes-jam', besjam
dékis, dékiss, dékiz, dekiss, dès-kis, sdés-ki, sdés-kis
me-ri, mes-ri, mes-ri', me-ris, mer-ri
testos, testos', testoss
beugeuh, beugeu, beuhgeu, beu-geuh
iens, ien', 'ients, ients', ient, ienc'
nne-chie, ne-chiè, ne-chie, ne-chié, ne-chien, nne-chiè, nnes-chie
certs-con, cert-con, 'cert-con', cer-con
te-schmi, teu-schmi, te-shmi, te-schmis, teush-mi, teushmi, teuch-mé, tesh-mi
ffer-ki, ffé-ki, ffe-ki
stre-mon, stremon, stres-mon
QLF