bicrave, bicravent, bicraveur, bicraveurs, bicraves, bicravais, bicravait, bicrav, bibi', bicraver, bi-bicrave, bicrav', bikrav, bicravaient, bicravant, re-bicrave, rebibi, bicravera, bicraverais, bicraverait, bicraveront, bicravez, rebicrave, bikravant, bikrave, bikraveur
bédo, bédos, bedo, bédot, bedos, bédots, bé-do, bédo', be-do, bedo', bedots
lovés, loves, lové, lovs, lov
poucave, poucaves, poukave, poukaves, poucavent, poucav, poucav', poukav, poucavs, poukavent, pouckave, poucavaient, poucaver, poucaverie, poucaveries, poukavs, poukavé, poucaverai
bédave, bédaves, bédavent, bedave, bédaveur, bédaveurs, bédavais, bédaver, bédav, bédavait, bedav, bédav', bédavera, bedaver, bedaves, bedaveur
racli, raclis, raclos, raclo, raclots, raclie, racli', raclies, raclises, racllis, racl', raclo'
pélo, pelo, pélos, pelos, pelot
pillave, pillavent, pillaves, pillav, pillaveurs, llave-pi, pillavait, pilliave, pillav'
gadji, gadjo, gadjis, gadjos, gadgi, gadgis, gadjies, gadgo, gardjo
crari, craris, krari, craries, crar'
pouki, pookie, poukis, poukie, pookies, poukies, pouci, poukri, poucis, pouk, pouc', pouc's, pouky, ex-poukis, poucas, poukpouk
rodave, rodav, rodaves, rodav', rodavent
narvalo, narvalos, narvallo, narvalow, narvalé, narvallos, narvali, narvalito
pénave, penave, pénaves, pénavent, pénav, pénav'
chourave, choure, chourrer, chouraveurs, chouravent, chouraves, chouraveur, chourer, chourrave, chourav', chouravable, chourav, chouravez, chou-rav, tchourav, tchourave, chourera, choures, chourre, chourres, chourrés, chours, chouré, chourrais
vago, vagos, vag'
marave, maravent, maravant, maraves
pouchka, pushka, pushkas, poushka, pouchkas, pouchki, puschka, push-ka
bouillave, bouyave, bouillaveurs, bouyav, bouyavent, boullave
nachave, nachav, natchave, nachav', nachavent, nachavais, nachaves, natchav, natchav'
dicave, dicavent, dikave, dicav